area,bbox,category_id,id,image_id,iscrowd,keypoints,num_keypoints,segmentation
267753,"[388, 130, 447, 599]",1,0,0,0,"[0, 0, 0, 0, 0, 0, 0, 0, 0, 0, 0, 0, 0, 0, 0]",5,[]
55594,"[174, 52, 209, 266]",1,1,1,0,"[0, 0, 0, 0, 0, 0, 0, 0, 0, 0, 0, 0, 0, 0, 0]",5,[]
94457,"[245, 85, 277, 341]",1,2,2,0,"[0, 0, 0, 0, 0, 0, 0, 0, 0, 0, 0, 0, 0, 0, 0]",5,[]
664478,"[115, 68, 914, 727]",1,3,3,0,"[0, 0, 0, 0, 0, 0, 0, 0, 0, 0, 0, 0, 0, 0, 0]",5,[]
96119,"[208, 13, 277, 347]",1,4,4,0,"[0, 0, 0, 0, 0, 0, 0, 0, 0, 0, 0, 0, 0, 0, 0]",5,[]
487458,"[569, -2, 531, 918]",1,5,5,0,"[0, 0, 0, 0, 0, 0, 0, 0, 0, 0, 0, 0, 0, 0, 0]",5,[]
19511,"[28, 227, 109, 179]",1,6,6,0,"[0, 0, 0, 0, 0, 0, 0, 0, 0, 0, 0, 0, 0, 0, 0]",5,[]
800570,"[300, 111, 718, 1115]",1,7,7,0,"[0, 0, 0, 0, 0, 0, 0, 0, 0, 0, 0, 0, 0, 0, 0]",5,[]
93420,"[58, -5, 270, 346]",1,8,8,0,"[0, 0, 0, 0, 0, 0, 0, 0, 0, 0, 0, 0, 0, 0, 0]",5,[]
656564,"[561, 300, 652, 1007]",1,9,9,0,"[0, 0, 0, 0, 0, 0, 0, 0, 0, 0, 0, 0, 0, 0, 0]",5,[]
19008,"[508, 220, 108, 176]",1,10,10,0,"[0, 0, 0, 0, 0, 0, 0, 0, 0, 0, 0, 0, 0, 0, 0]",5,[]
90816,"[254, 82, 264, 344]",1,11,11,0,"[0, 0, 0, 0, 0, 0, 0, 0, 0, 0, 0, 0, 0, 0, 0]",5,[]
1056341,"[578, 2, 979, 1079]",1,12,12,0,"[0, 0, 0, 0, 0, 0, 0, 0, 0, 0, 0, 0, 0, 0, 0]",5,[]
13708,"[341, 231, 92, 149]",1,13,13,0,"[0, 0, 0, 0, 0, 0, 0, 0, 0, 0, 0, 0, 0, 0, 0]",5,[]
110187,"[204, -5, 297, 371]",1,14,14,0,"[0, 0, 0, 0, 0, 0, 0, 0, 0, 0, 0, 0, 0, 0, 0]",5,[]
135876,"[95, 107, 338, 402]",1,15,15,0,"[0, 0, 0, 0, 0, 0, 0, 0, 0, 0, 0, 0, 0, 0, 0]",5,[]
154011,"[133, 50, 359, 429]",1,16,16,0,"[0, 0, 0, 0, 0, 0, 0, 0, 0, 0, 0, 0, 0, 0, 0]",5,[]
66480,"[329, 0, 240, 277]",1,17,17,0,"[0, 0, 0, 0, 0, 0, 0, 0, 0, 0, 0, 0, 0, 0, 0]",5,[]
11256,"[225, 169, 84, 134]",1,18,18,0,"[0, 0, 0, 0, 0, 0, 0, 0, 0, 0, 0, 0, 0, 0, 0]",5,[]
86940,"[260, 84, 252, 345]",1,19,19,0,"[0, 0, 0, 0, 0, 0, 0, 0, 0, 0, 0, 0, 0, 0, 0]",5,[]
37513,"[403, 293, 161, 233]",1,20,20,0,"[0, 0, 0, 0, 0, 0, 0, 0, 0, 0, 0, 0, 0, 0, 0]",5,[]
31737,"[455, 370, 149, 213]",1,21,21,0,"[0, 0, 0, 0, 0, 0, 0, 0, 0, 0, 0, 0, 0, 0, 0]",5,[]
246031,"[63, 0, 437, 563]",1,22,22,0,"[0, 0, 0, 0, 0, 0, 0, 0, 0, 0, 0, 0, 0, 0, 0]",5,[]
56400,"[305, 27, 200, 282]",1,23,23,0,"[0, 0, 0, 0, 0, 0, 0, 0, 0, 0, 0, 0, 0, 0, 0]",5,[]
36680,"[466, 200, 140, 262]",1,24,24,0,"[0, 0, 0, 0, 0, 0, 0, 0, 0, 0, 0, 0, 0, 0, 0]",5,[]
84847,"[165, 2, 217, 391]",1,25,25,0,"[0, 0, 0, 0, 0, 0, 0, 0, 0, 0, 0, 0, 0, 0, 0]",5,[]
1291864,"[510, 190, 1003, 1288]",1,26,26,0,"[0, 0, 0, 0, 0, 0, 0, 0, 0, 0, 0, 0, 0, 0, 0]",5,[]
112625,"[208, 392, 265, 425]",1,27,27,0,"[0, 0, 0, 0, 0, 0, 0, 0, 0, 0, 0, 0, 0, 0, 0]",5,[]
78725,"[195, 29, 235, 335]",1,28,28,0,"[0, 0, 0, 0, 0, 0, 0, 0, 0, 0, 0, 0, 0, 0, 0]",5,[]
802247,"[312, 54, 697, 1151]",1,29,29,0,"[0, 0, 0, 0, 0, 0, 0, 0, 0, 0, 0, 0, 0, 0, 0]",5,[]
2677205,"[181, 893, 1385, 1933]",1,30,30,0,"[0, 0, 0, 0, 0, 0, 0, 0, 0, 0, 0, 0, 0, 0, 0]",5,[]
73986,"[175, 75, 209, 354]",1,31,31,0,"[0, 0, 0, 0, 0, 0, 0, 0, 0, 0, 0, 0, 0, 0, 0]",5,[]
83538,"[289, 325, 234, 357]",1,32,32,0,"[0, 0, 0, 0, 0, 0, 0, 0, 0, 0, 0, 0, 0, 0, 0]",5,[]
228275,"[250, 1, 397, 575]",1,33,33,0,"[0, 0, 0, 0, 0, 0, 0, 0, 0, 0, 0, 0, 0, 0, 0]",5,[]
44226,"[147, 12, 162, 273]",1,34,34,0,"[0, 0, 0, 0, 0, 0, 0, 0, 0, 0, 0, 0, 0, 0, 0]",5,[]
54054,"[212, 58, 198, 273]",1,35,35,0,"[0, 0, 0, 0, 0, 0, 0, 0, 0, 0, 0, 0, 0, 0, 0]",5,[]
147744,"[168, 62, 324, 456]",1,36,36,0,"[0, 0, 0, 0, 0, 0, 0, 0, 0, 0, 0, 0, 0, 0, 0]",5,[]
49305,"[141, 96, 173, 285]",1,37,37,0,"[0, 0, 0, 0, 0, 0, 0, 0, 0, 0, 0, 0, 0, 0, 0]",5,[]
34164,"[83, 130, 156, 219]",1,38,38,0,"[0, 0, 0, 0, 0, 0, 0, 0, 0, 0, 0, 0, 0, 0, 0]",5,[]
45461,"[400, 80, 169, 269]",1,39,38,0,"[0, 0, 0, 0, 0, 0, 0, 0, 0, 0, 0, 0, 0, 0, 0]",5,[]
407673,"[516, 1, 567, 719]",1,40,39,0,"[0, 0, 0, 0, 0, 0, 0, 0, 0, 0, 0, 0, 0, 0, 0]",5,[]
35532,"[31, 53, 189, 188]",1,41,40,0,"[0, 0, 0, 0, 0, 0, 0, 0, 0, 0, 0, 0, 0, 0, 0]",5,[]
120497,"[180, 27, 299, 403]",1,42,41,0,"[0, 0, 0, 0, 0, 0, 0, 0, 0, 0, 0, 0, 0, 0, 0]",5,[]
81420,"[724, 32, 236, 345]",1,43,42,0,"[0, 0, 0, 0, 0, 0, 0, 0, 0, 0, 0, 0, 0, 0, 0]",5,[]
59783,"[209, 37, 191, 313]",1,44,43,0,"[0, 0, 0, 0, 0, 0, 0, 0, 0, 0, 0, 0, 0, 0, 0]",5,[]
31725,"[409, 301, 141, 225]",1,45,44,0,"[0, 0, 0, 0, 0, 0, 0, 0, 0, 0, 0, 0, 0, 0, 0]",5,[]
25704,"[141, 448, 204, 126]",1,46,45,0,"[0, 0, 0, 0, 0, 0, 0, 0, 0, 0, 0, 0, 0, 0, 0]",5,[]
373966,"[375, -6, 647, 578]",1,47,46,0,"[0, 0, 0, 0, 0, 0, 0, 0, 0, 0, 0, 0, 0, 0, 0]",5,[]
33371,"[469, 227, 151, 221]",1,48,47,0,"[0, 0, 0, 0, 0, 0, 0, 0, 0, 0, 0, 0, 0, 0, 0]",5,[]
54325,"[62, 39, 205, 265]",1,49,48,0,"[0, 0, 0, 0, 0, 0, 0, 0, 0, 0, 0, 0, 0, 0, 0]",5,[]
338752,"[233, 121, 536, 632]",1,50,49,0,"[0, 0, 0, 0, 0, 0, 0, 0, 0, 0, 0, 0, 0, 0, 0]",5,[]
248148,"[57, 70, 452, 549]",1,51,50,0,"[0, 0, 0, 0, 0, 0, 0, 0, 0, 0, 0, 0, 0, 0, 0]",5,[]
67569,"[60, 25, 223, 303]",1,52,51,0,"[0, 0, 0, 0, 0, 0, 0, 0, 0, 0, 0, 0, 0, 0, 0]",5,[]
101112,"[221, 78, 264, 383]",1,53,52,0,"[0, 0, 0, 0, 0, 0, 0, 0, 0, 0, 0, 0, 0, 0, 0]",5,[]
245098,"[368, 17, 427, 574]",1,54,53,0,"[0, 0, 0, 0, 0, 0, 0, 0, 0, 0, 0, 0, 0, 0, 0]",5,[]
175696,"[434, 32, 316, 556]",1,55,54,0,"[0, 0, 0, 0, 0, 0, 0, 0, 0, 0, 0, 0, 0, 0, 0]",5,[]
4746,"[488, 385, 42, 113]",1,56,55,0,"[0, 0, 0, 0, 0, 0, 0, 0, 0, 0, 0, 0, 0, 0, 0]",5,[]
12012,"[572, 364, 91, 132]",1,57,55,0,"[0, 0, 0, 0, 0, 0, 0, 0, 0, 0, 0, 0, 0, 0, 0]",5,[]
141642,"[55, 3, 387, 366]",1,58,56,0,"[0, 0, 0, 0, 0, 0, 0, 0, 0, 0, 0, 0, 0, 0, 0]",5,[]
59214,"[130, 277, 213, 278]",1,59,57,0,"[0, 0, 0, 0, 0, 0, 0, 0, 0, 0, 0, 0, 0, 0, 0]",5,[]
56231,"[169, 52, 203, 277]",1,60,58,0,"[0, 0, 0, 0, 0, 0, 0, 0, 0, 0, 0, 0, 0, 0, 0]",5,[]
233082,"[252, 12, 414, 563]",1,61,59,0,"[0, 0, 0, 0, 0, 0, 0, 0, 0, 0, 0, 0, 0, 0, 0]",5,[]
1003926,"[687, 221, 861, 1166]",1,62,60,0,"[0, 0, 0, 0, 0, 0, 0, 0, 0, 0, 0, 0, 0, 0, 0]",5,[]
20252,"[328, 266, 122, 166]",1,63,61,0,"[0, 0, 0, 0, 0, 0, 0, 0, 0, 0, 0, 0, 0, 0, 0]",5,[]
9828,"[775, 626, 84, 117]",1,64,62,0,"[0, 0, 0, 0, 0, 0, 0, 0, 0, 0, 0, 0, 0, 0, 0]",5,[]
9048,"[501, 331, 78, 116]",1,65,63,0,"[0, 0, 0, 0, 0, 0, 0, 0, 0, 0, 0, 0, 0, 0, 0]",5,[]
57159,"[29, 21, 219, 261]",1,66,64,0,"[0, 0, 0, 0, 0, 0, 0, 0, 0, 0, 0, 0, 0, 0, 0]",5,[]
32130,"[160, 53, 153, 210]",1,67,65,0,"[0, 0, 0, 0, 0, 0, 0, 0, 0, 0, 0, 0, 0, 0, 0]",5,[]
56637,"[29, 24, 217, 261]",1,68,66,0,"[0, 0, 0, 0, 0, 0, 0, 0, 0, 0, 0, 0, 0, 0, 0]",5,[]
75680,"[334, 3, 220, 344]",1,69,67,0,"[0, 0, 0, 0, 0, 0, 0, 0, 0, 0, 0, 0, 0, 0, 0]",5,[]
56200,"[204, 89, 200, 281]",1,70,68,0,"[0, 0, 0, 0, 0, 0, 0, 0, 0, 0, 0, 0, 0, 0, 0]",5,[]
427800,"[110, -1, 744, 575]",1,71,69,0,"[0, 0, 0, 0, 0, 0, 0, 0, 0, 0, 0, 0, 0, 0, 0]",5,[]
140768,"[188, 51, 332, 424]",1,72,70,0,"[0, 0, 0, 0, 0, 0, 0, 0, 0, 0, 0, 0, 0, 0, 0]",5,[]
46992,"[50, 1, 178, 264]",1,73,71,0,"[0, 0, 0, 0, 0, 0, 0, 0, 0, 0, 0, 0, 0, 0, 0]",5,[]
96016,"[114, 4, 272, 353]",1,74,72,0,"[0, 0, 0, 0, 0, 0, 0, 0, 0, 0, 0, 0, 0, 0, 0]",5,[]
13500,"[398, 171, 100, 135]",1,75,73,0,"[0, 0, 0, 0, 0, 0, 0, 0, 0, 0, 0, 0, 0, 0, 0]",5,[]
2562,"[204, 842, 42, 61]",1,76,74,0,"[0, 0, 0, 0, 0, 0, 0, 0, 0, 0, 0, 0, 0, 0, 0]",5,[]
12922,"[334, 216, 91, 142]",1,77,75,0,"[0, 0, 0, 0, 0, 0, 0, 0, 0, 0, 0, 0, 0, 0, 0]",5,[]
86020,"[261, 82, 253, 340]",1,78,76,0,"[0, 0, 0, 0, 0, 0, 0, 0, 0, 0, 0, 0, 0, 0, 0]",5,[]
127360,"[165, 33, 320, 398]",1,79,77,0,"[0, 0, 0, 0, 0, 0, 0, 0, 0, 0, 0, 0, 0, 0, 0]",5,[]
108640,"[163, 122, 280, 388]",1,80,78,0,"[0, 0, 0, 0, 0, 0, 0, 0, 0, 0, 0, 0, 0, 0, 0]",5,[]
35910,"[32, 0, 171, 210]",1,81,79,0,"[0, 0, 0, 0, 0, 0, 0, 0, 0, 0, 0, 0, 0, 0, 0]",5,[]
51120,"[185, 62, 240, 213]",1,82,80,0,"[0, 0, 0, 0, 0, 0, 0, 0, 0, 0, 0, 0, 0, 0, 0]",5,[]
14529,"[574, 180, 87, 167]",1,83,81,0,"[0, 0, 0, 0, 0, 0, 0, 0, 0, 0, 0, 0, 0, 0, 0]",5,[]
182268,"[605, 78, 366, 498]",1,84,82,0,"[0, 0, 0, 0, 0, 0, 0, 0, 0, 0, 0, 0, 0, 0, 0]",5,[]
24416,"[909, 351, 109, 224]",1,85,83,0,"[0, 0, 0, 0, 0, 0, 0, 0, 0, 0, 0, 0, 0, 0, 0]",5,[]
76082,"[336, 0, 218, 349]",1,86,84,0,"[0, 0, 0, 0, 0, 0, 0, 0, 0, 0, 0, 0, 0, 0, 0]",5,[]
438180,"[51, 46, 545, 804]",1,87,85,0,"[0, 0, 0, 0, 0, 0, 0, 0, 0, 0, 0, 0, 0, 0, 0]",5,[]
13440,"[170, 92, 105, 128]",1,88,86,0,"[0, 0, 0, 0, 0, 0, 0, 0, 0, 0, 0, 0, 0, 0, 0]",5,[]
4697,"[243, 199, 61, 77]",1,89,87,0,"[0, 0, 0, 0, 0, 0, 0, 0, 0, 0, 0, 0, 0, 0, 0]",5,[]
181232,"[230, 47, 376, 482]",1,90,88,0,"[0, 0, 0, 0, 0, 0, 0, 0, 0, 0, 0, 0, 0, 0, 0]",5,[]
466088,"[43, 29, 574, 812]",1,91,89,0,"[0, 0, 0, 0, 0, 0, 0, 0, 0, 0, 0, 0, 0, 0, 0]",5,[]
141036,"[346, 21, 322, 438]",1,92,90,0,"[0, 0, 0, 0, 0, 0, 0, 0, 0, 0, 0, 0, 0, 0, 0]",5,[]
237354,"[63, 30, 442, 537]",1,93,91,0,"[0, 0, 0, 0, 0, 0, 0, 0, 0, 0, 0, 0, 0, 0, 0]",5,[]
5785,"[125, 322, 65, 89]",1,94,92,0,"[0, 0, 0, 0, 0, 0, 0, 0, 0, 0, 0, 0, 0, 0, 0]",5,[]
7400,"[454, 323, 74, 100]",1,95,92,0,"[0, 0, 0, 0, 0, 0, 0, 0, 0, 0, 0, 0, 0, 0, 0]",5,[]
1276600,"[536, 172, 982, 1300]",1,96,93,0,"[0, 0, 0, 0, 0, 0, 0, 0, 0, 0, 0, 0, 0, 0, 0]",5,[]
126072,"[276, 116, 306, 412]",1,97,94,0,"[0, 0, 0, 0, 0, 0, 0, 0, 0, 0, 0, 0, 0, 0, 0]",5,[]
8424,"[121, 125, 81, 104]",1,98,96,0,"[0, 0, 0, 0, 0, 0, 0, 0, 0, 0, 0, 0, 0, 0, 0]",5,[]
491328,"[33, 15, 576, 853]",1,99,97,0,"[0, 0, 0, 0, 0, 0, 0, 0, 0, 0, 0, 0, 0, 0, 0]",5,[]
124425,"[114, 112, 315, 395]",1,100,98,0,"[0, 0, 0, 0, 0, 0, 0, 0, 0, 0, 0, 0, 0, 0, 0]",5,[]
195822,"[110, 0, 473, 414]",1,101,99,0,"[0, 0, 0, 0, 0, 0, 0, 0, 0, 0, 0, 0, 0, 0, 0]",5,[]
13653,"[383, 414, 111, 123]",1,102,100,0,"[0, 0, 0, 0, 0, 0, 0, 0, 0, 0, 0, 0, 0, 0, 0]",5,[]
81162,"[220, 98, 243, 334]",1,103,101,0,"[0, 0, 0, 0, 0, 0, 0, 0, 0, 0, 0, 0, 0, 0, 0]",5,[]
160425,"[178, 79, 345, 465]",1,104,102,0,"[0, 0, 0, 0, 0, 0, 0, 0, 0, 0, 0, 0, 0, 0, 0]",5,[]
5472,"[662, 217, 57, 96]",1,105,103,0,"[0, 0, 0, 0, 0, 0, 0, 0, 0, 0, 0, 0, 0, 0, 0]",5,[]
137170,"[165, 78, 319, 430]",1,106,104,0,"[0, 0, 0, 0, 0, 0, 0, 0, 0, 0, 0, 0, 0, 0, 0]",5,[]
82800,"[255, 14, 240, 345]",1,107,105,0,"[0, 0, 0, 0, 0, 0, 0, 0, 0, 0, 0, 0, 0, 0, 0]",5,[]
54758,"[64, 43, 209, 262]",1,108,106,0,"[0, 0, 0, 0, 0, 0, 0, 0, 0, 0, 0, 0, 0, 0, 0]",5,[]
242436,"[50, 29, 454, 534]",1,109,107,0,"[0, 0, 0, 0, 0, 0, 0, 0, 0, 0, 0, 0, 0, 0, 0]",5,[]
78631,"[242, 115, 239, 329]",1,110,108,0,"[0, 0, 0, 0, 0, 0, 0, 0, 0, 0, 0, 0, 0, 0, 0]",5,[]
83371,"[72, 27, 263, 317]",1,111,109,0,"[0, 0, 0, 0, 0, 0, 0, 0, 0, 0, 0, 0, 0, 0, 0]",5,[]
53010,"[557, 284, 190, 279]",1,112,110,0,"[0, 0, 0, 0, 0, 0, 0, 0, 0, 0, 0, 0, 0, 0, 0]",5,[]
50496,"[183, 54, 192, 263]",1,113,111,0,"[0, 0, 0, 0, 0, 0, 0, 0, 0, 0, 0, 0, 0, 0, 0]",5,[]
125258,"[333, 105, 322, 389]",1,114,112,0,"[0, 0, 0, 0, 0, 0, 0, 0, 0, 0, 0, 0, 0, 0, 0]",5,[]
94384,"[135, 0, 272, 347]",1,115,113,0,"[0, 0, 0, 0, 0, 0, 0, 0, 0, 0, 0, 0, 0, 0, 0]",5,[]
67568,"[26, 25, 206, 328]",1,116,114,0,"[0, 0, 0, 0, 0, 0, 0, 0, 0, 0, 0, 0, 0, 0, 0]",5,[]
66538,"[288, 27, 206, 323]",1,117,114,0,"[0, 0, 0, 0, 0, 0, 0, 0, 0, 0, 0, 0, 0, 0, 0]",5,[]
44232,"[65, 70, 194, 228]",1,118,115,0,"[0, 0, 0, 0, 0, 0, 0, 0, 0, 0, 0, 0, 0, 0, 0]",5,[]
373842,"[133, 73, 621, 602]",1,119,116,0,"[0, 0, 0, 0, 0, 0, 0, 0, 0, 0, 0, 0, 0, 0, 0]",5,[]
480852,"[98, 85, 703, 684]",1,120,117,0,"[0, 0, 0, 0, 0, 0, 0, 0, 0, 0, 0, 0, 0, 0, 0]",5,[]
200001,"[62, 0, 409, 489]",1,121,118,0,"[0, 0, 0, 0, 0, 0, 0, 0, 0, 0, 0, 0, 0, 0, 0]",5,[]
111936,"[247, 32, 424, 264]",1,122,119,0,"[0, 0, 0, 0, 0, 0, 0, 0, 0, 0, 0, 0, 0, 0, 0]",5,[]
32929,"[111, 127, 149, 221]",1,123,120,0,"[0, 0, 0, 0, 0, 0, 0, 0, 0, 0, 0, 0, 0, 0, 0]",5,[]
34958,"[443, 131, 154, 227]",1,124,120,0,"[0, 0, 0, 0, 0, 0, 0, 0, 0, 0, 0, 0, 0, 0, 0]",5,[]
28951,"[236, 246, 131, 221]",1,125,121,0,"[0, 0, 0, 0, 0, 0, 0, 0, 0, 0, 0, 0, 0, 0, 0]",5,[]
101671,"[238, 6, 293, 347]",1,126,122,0,"[0, 0, 0, 0, 0, 0, 0, 0, 0, 0, 0, 0, 0, 0, 0]",5,[]
2065,"[71, 232, 35, 59]",1,127,123,0,"[0, 0, 0, 0, 0, 0, 0, 0, 0, 0, 0, 0, 0, 0, 0]",5,[]
3550,"[275, 227, 50, 71]",1,128,123,0,"[0, 0, 0, 0, 0, 0, 0, 0, 0, 0, 0, 0, 0, 0, 0]",5,[]
78116,"[201, 14, 236, 331]",1,129,124,0,"[0, 0, 0, 0, 0, 0, 0, 0, 0, 0, 0, 0, 0, 0, 0]",5,[]
281352,"[398, 120, 456, 617]",1,130,125,0,"[0, 0, 0, 0, 0, 0, 0, 0, 0, 0, 0, 0, 0, 0, 0]",5,[]
288921,"[162, 321, 499, 579]",1,131,126,0,"[0, 0, 0, 0, 0, 0, 0, 0, 0, 0, 0, 0, 0, 0, 0]",5,[]
350199,"[266, 333, 501, 699]",1,132,127,0,"[0, 0, 0, 0, 0, 0, 0, 0, 0, 0, 0, 0, 0, 0, 0]",5,[]
89180,"[50, 14, 260, 343]",1,133,128,0,"[0, 0, 0, 0, 0, 0, 0, 0, 0, 0, 0, 0, 0, 0, 0]",5,[]
272610,"[18, 3, 585, 466]",1,134,129,0,"[0, 0, 0, 0, 0, 0, 0, 0, 0, 0, 0, 0, 0, 0, 0]",5,[]
236740,"[64, 49, 445, 532]",1,135,130,0,"[0, 0, 0, 0, 0, 0, 0, 0, 0, 0, 0, 0, 0, 0, 0]",5,[]
112545,"[200, -5, 305, 369]",1,136,131,0,"[0, 0, 0, 0, 0, 0, 0, 0, 0, 0, 0, 0, 0, 0, 0]",5,[]
211044,"[71, 140, 409, 516]",1,137,132,0,"[0, 0, 0, 0, 0, 0, 0, 0, 0, 0, 0, 0, 0, 0, 0]",5,[]
144092,"[166, 72, 326, 442]",1,138,133,0,"[0, 0, 0, 0, 0, 0, 0, 0, 0, 0, 0, 0, 0, 0, 0]",5,[]
133952,"[173, 31, 322, 416]",1,139,134,0,"[0, 0, 0, 0, 0, 0, 0, 0, 0, 0, 0, 0, 0, 0, 0]",5,[]
17760,"[181, 22, 111, 160]",1,140,135,0,"[0, 0, 0, 0, 0, 0, 0, 0, 0, 0, 0, 0, 0, 0, 0]",5,[]
13871,"[303, 230, 97, 143]",1,141,136,0,"[0, 0, 0, 0, 0, 0, 0, 0, 0, 0, 0, 0, 0, 0, 0]",5,[]
107694,"[229, 15, 279, 386]",1,142,137,0,"[0, 0, 0, 0, 0, 0, 0, 0, 0, 0, 0, 0, 0, 0, 0]",5,[]
334620,"[202, 170, 495, 676]",1,143,138,0,"[0, 0, 0, 0, 0, 0, 0, 0, 0, 0, 0, 0, 0, 0, 0]",5,[]
32333,"[294, 398, 149, 217]",1,144,139,0,"[0, 0, 0, 0, 0, 0, 0, 0, 0, 0, 0, 0, 0, 0, 0]",5,[]
100283,"[243, 7, 289, 347]",1,145,140,0,"[0, 0, 0, 0, 0, 0, 0, 0, 0, 0, 0, 0, 0, 0, 0]",5,[]
105342,"[153, 2, 291, 362]",1,146,141,0,"[0, 0, 0, 0, 0, 0, 0, 0, 0, 0, 0, 0, 0, 0, 0]",5,[]
26572,"[23, 40, 146, 182]",1,147,142,0,"[0, 0, 0, 0, 0, 0, 0, 0, 0, 0, 0, 0, 0, 0, 0]",5,[]
45924,"[566, 282, 178, 258]",1,148,143,0,"[0, 0, 0, 0, 0, 0, 0, 0, 0, 0, 0, 0, 0, 0, 0]",5,[]
106080,"[371, 81, 272, 390]",1,149,144,0,"[0, 0, 0, 0, 0, 0, 0, 0, 0, 0, 0, 0, 0, 0, 0]",5,[]
15862,"[513, 226, 103, 154]",1,150,145,0,"[0, 0, 0, 0, 0, 0, 0, 0, 0, 0, 0, 0, 0, 0, 0]",5,[]
32065,"[680, 275, 121, 265]",1,151,146,0,"[0, 0, 0, 0, 0, 0, 0, 0, 0, 0, 0, 0, 0, 0, 0]",5,[]
13677,"[450, 215, 97, 141]",1,152,147,0,"[0, 0, 0, 0, 0, 0, 0, 0, 0, 0, 0, 0, 0, 0, 0]",5,[]
16050,"[447, 205, 107, 150]",1,153,147,0,"[0, 0, 0, 0, 0, 0, 0, 0, 0, 0, 0, 0, 0, 0, 0]",5,[]
682560,"[214, 107, 711, 960]",1,154,148,0,"[0, 0, 0, 0, 0, 0, 0, 0, 0, 0, 0, 0, 0, 0, 0]",5,[]
116000,"[80, 105, 290, 400]",1,155,149,0,"[0, 0, 0, 0, 0, 0, 0, 0, 0, 0, 0, 0, 0, 0, 0]",5,[]
58696,"[178, 6, 184, 319]",1,156,150,0,"[0, 0, 0, 0, 0, 0, 0, 0, 0, 0, 0, 0, 0, 0, 0]",5,[]
300479,"[361, 227, 487, 617]",1,157,151,0,"[0, 0, 0, 0, 0, 0, 0, 0, 0, 0, 0, 0, 0, 0, 0]",5,[]
171157,"[262, 72, 343, 499]",1,158,152,0,"[0, 0, 0, 0, 0, 0, 0, 0, 0, 0, 0, 0, 0, 0, 0]",5,[]
62568,"[249, 16, 237, 264]",1,159,153,0,"[0, 0, 0, 0, 0, 0, 0, 0, 0, 0, 0, 0, 0, 0, 0]",5,[]
138880,"[158, 169, 320, 434]",1,160,154,0,"[0, 0, 0, 0, 0, 0, 0, 0, 0, 0, 0, 0, 0, 0, 0]",5,[]
231625,"[253, 130, 425, 545]",1,161,155,0,"[0, 0, 0, 0, 0, 0, 0, 0, 0, 0, 0, 0, 0, 0, 0]",5,[]
81070,"[193, 10, 242, 335]",1,162,156,0,"[0, 0, 0, 0, 0, 0, 0, 0, 0, 0, 0, 0, 0, 0, 0]",5,[]
181818,"[61, 36, 351, 518]",1,163,157,0,"[0, 0, 0, 0, 0, 0, 0, 0, 0, 0, 0, 0, 0, 0, 0]",5,[]
77262,"[221, 115, 237, 326]",1,164,158,0,"[0, 0, 0, 0, 0, 0, 0, 0, 0, 0, 0, 0, 0, 0, 0]",5,[]
4136,"[665, 228, 47, 88]",1,165,159,0,"[0, 0, 0, 0, 0, 0, 0, 0, 0, 0, 0, 0, 0, 0, 0]",5,[]
52528,"[171, 60, 196, 268]",1,166,160,0,"[0, 0, 0, 0, 0, 0, 0, 0, 0, 0, 0, 0, 0, 0, 0]",5,[]
5457,"[396, 166, 51, 107]",1,167,161,0,"[0, 0, 0, 0, 0, 0, 0, 0, 0, 0, 0, 0, 0, 0, 0]",5,[]
17220,"[353, 221, 105, 164]",1,168,162,0,"[0, 0, 0, 0, 0, 0, 0, 0, 0, 0, 0, 0, 0, 0, 0]",5,[]
76780,"[299, 328, 220, 349]",1,169,163,0,"[0, 0, 0, 0, 0, 0, 0, 0, 0, 0, 0, 0, 0, 0, 0]",5,[]
475416,"[779, 161, 568, 837]",1,170,164,0,"[0, 0, 0, 0, 0, 0, 0, 0, 0, 0, 0, 0, 0, 0, 0]",5,[]
13755,"[449, 218, 105, 131]",1,171,165,0,"[0, 0, 0, 0, 0, 0, 0, 0, 0, 0, 0, 0, 0, 0, 0]",5,[]
49232,"[217, 3, 181, 272]",1,172,166,0,"[0, 0, 0, 0, 0, 0, 0, 0, 0, 0, 0, 0, 0, 0, 0]",5,[]
6552,"[302, 128, 63, 104]",1,173,167,0,"[0, 0, 0, 0, 0, 0, 0, 0, 0, 0, 0, 0, 0, 0, 0]",5,[]
90288,"[204, 30, 209, 432]",1,174,168,0,"[0, 0, 0, 0, 0, 0, 0, 0, 0, 0, 0, 0, 0, 0, 0]",5,[]
286020,"[268, 213, 454, 630]",1,175,169,0,"[0, 0, 0, 0, 0, 0, 0, 0, 0, 0, 0, 0, 0, 0, 0]",5,[]
203711,"[149, 120, 391, 521]",1,176,170,0,"[0, 0, 0, 0, 0, 0, 0, 0, 0, 0, 0, 0, 0, 0, 0]",5,[]
82320,"[264, 86, 240, 343]",1,177,171,0,"[0, 0, 0, 0, 0, 0, 0, 0, 0, 0, 0, 0, 0, 0, 0]",5,[]
64616,"[192, 78, 197, 328]",1,178,172,0,"[0, 0, 0, 0, 0, 0, 0, 0, 0, 0, 0, 0, 0, 0, 0]",5,[]
25197,"[559, 121, 111, 227]",1,179,173,0,"[0, 0, 0, 0, 0, 0, 0, 0, 0, 0, 0, 0, 0, 0, 0]",5,[]
53572,"[198, 134, 227, 236]",1,180,174,0,"[0, 0, 0, 0, 0, 0, 0, 0, 0, 0, 0, 0, 0, 0, 0]",5,[]
1404,"[404, 163, 26, 54]",1,181,175,0,"[0, 0, 0, 0, 0, 0, 0, 0, 0, 0, 0, 0, 0, 0, 0]",5,[]
42660,"[474, 428, 158, 270]",1,182,176,0,"[0, 0, 0, 0, 0, 0, 0, 0, 0, 0, 0, 0, 0, 0, 0]",5,[]
45090,"[145, 110, 167, 270]",1,183,177,0,"[0, 0, 0, 0, 0, 0, 0, 0, 0, 0, 0, 0, 0, 0, 0]",5,[]
30723,"[397, 305, 133, 231]",1,184,178,0,"[0, 0, 0, 0, 0, 0, 0, 0, 0, 0, 0, 0, 0, 0, 0]",5,[]
421603,"[252, 690, 533, 791]",1,185,179,0,"[0, 0, 0, 0, 0, 0, 0, 0, 0, 0, 0, 0, 0, 0, 0]",5,[]
1809,"[229, 295, 27, 67]",1,186,180,0,"[0, 0, 0, 0, 0, 0, 0, 0, 0, 0, 0, 0, 0, 0, 0]",5,[]
30960,"[376, 183, 120, 258]",1,187,181,0,"[0, 0, 0, 0, 0, 0, 0, 0, 0, 0, 0, 0, 0, 0, 0]",5,[]
213921,"[71, 119, 417, 513]",1,188,182,0,"[0, 0, 0, 0, 0, 0, 0, 0, 0, 0, 0, 0, 0, 0, 0]",5,[]
6825,"[219, 161, 65, 105]",1,189,183,0,"[0, 0, 0, 0, 0, 0, 0, 0, 0, 0, 0, 0, 0, 0, 0]",5,[]
72000,"[194, 11, 225, 320]",1,190,184,0,"[0, 0, 0, 0, 0, 0, 0, 0, 0, 0, 0, 0, 0, 0, 0]",5,[]
15072,"[333, 212, 96, 157]",1,191,185,0,"[0, 0, 0, 0, 0, 0, 0, 0, 0, 0, 0, 0, 0, 0, 0]",5,[]
311832,"[244, 211, 488, 639]",1,192,186,0,"[0, 0, 0, 0, 0, 0, 0, 0, 0, 0, 0, 0, 0, 0, 0]",5,[]
163452,"[241, 110, 318, 514]",1,193,187,0,"[0, 0, 0, 0, 0, 0, 0, 0, 0, 0, 0, 0, 0, 0, 0]",5,[]
4816,"[327, 195, 56, 86]",1,194,188,0,"[0, 0, 0, 0, 0, 0, 0, 0, 0, 0, 0, 0, 0, 0, 0]",5,[]
44678,"[52, 11, 178, 251]",1,195,189,0,"[0, 0, 0, 0, 0, 0, 0, 0, 0, 0, 0, 0, 0, 0, 0]",5,[]
25019,"[423, 161, 127, 197]",1,196,190,0,"[0, 0, 0, 0, 0, 0, 0, 0, 0, 0, 0, 0, 0, 0, 0]",5,[]
66521,"[70, 28, 221, 301]",1,197,191,0,"[0, 0, 0, 0, 0, 0, 0, 0, 0, 0, 0, 0, 0, 0, 0]",5,[]
9040,"[341, 287, 80, 113]",1,198,192,0,"[0, 0, 0, 0, 0, 0, 0, 0, 0, 0, 0, 0, 0, 0, 0]",5,[]
141918,"[166, 77, 327, 434]",1,199,193,0,"[0, 0, 0, 0, 0, 0, 0, 0, 0, 0, 0, 0, 0, 0, 0]",5,[]
77203,"[251, 172, 269, 287]",1,200,194,0,"[0, 0, 0, 0, 0, 0, 0, 0, 0, 0, 0, 0, 0, 0, 0]",5,[]
105961,"[95, 38, 271, 391]",1,201,195,0,"[0, 0, 0, 0, 0, 0, 0, 0, 0, 0, 0, 0, 0, 0, 0]",5,[]
86500,"[726, 20, 250, 346]",1,202,196,0,"[0, 0, 0, 0, 0, 0, 0, 0, 0, 0, 0, 0, 0, 0, 0]",5,[]
38478,"[498, 284, 159, 242]",1,203,197,0,"[0, 0, 0, 0, 0, 0, 0, 0, 0, 0, 0, 0, 0, 0, 0]",5,[]
13920,"[337, 370, 160, 87]",1,204,198,0,"[0, 0, 0, 0, 0, 0, 0, 0, 0, 0, 0, 0, 0, 0, 0]",5,[]
9856,"[558, 326, 77, 128]",1,205,198,0,"[0, 0, 0, 0, 0, 0, 0, 0, 0, 0, 0, 0, 0, 0, 0]",5,[]
738444,"[193, 5, 826, 894]",1,206,199,0,"[0, 0, 0, 0, 0, 0, 0, 0, 0, 0, 0, 0, 0, 0, 0]",5,[]
460106,"[409, 109, 607, 758]",1,207,200,0,"[0, 0, 0, 0, 0, 0, 0, 0, 0, 0, 0, 0, 0, 0, 0]",5,[]
265050,"[44, 33, 465, 570]",1,208,201,0,"[0, 0, 0, 0, 0, 0, 0, 0, 0, 0, 0, 0, 0, 0, 0]",5,[]
28696,"[181, 533, 136, 211]",1,209,202,0,"[0, 0, 0, 0, 0, 0, 0, 0, 0, 0, 0, 0, 0, 0, 0]",5,[]
68625,"[227, 170, 225, 305]",1,210,203,0,"[0, 0, 0, 0, 0, 0, 0, 0, 0, 0, 0, 0, 0, 0, 0]",5,[]
224640,"[153, 4, 432, 520]",1,211,204,0,"[0, 0, 0, 0, 0, 0, 0, 0, 0, 0, 0, 0, 0, 0, 0]",5,[]
11594,"[304, 83, 62, 187]",1,212,205,0,"[0, 0, 0, 0, 0, 0, 0, 0, 0, 0, 0, 0, 0, 0, 0]",5,[]
37530,"[486, 18, 135, 278]",1,213,205,0,"[0, 0, 0, 0, 0, 0, 0, 0, 0, 0, 0, 0, 0, 0, 0]",5,[]
18746,"[908, 401, 103, 182]",1,214,206,0,"[0, 0, 0, 0, 0, 0, 0, 0, 0, 0, 0, 0, 0, 0, 0]",5,[]
235620,"[487, 13, 420, 561]",1,215,207,0,"[0, 0, 0, 0, 0, 0, 0, 0, 0, 0, 0, 0, 0, 0, 0]",5,[]
28459,"[19, 36, 149, 191]",1,216,208,0,"[0, 0, 0, 0, 0, 0, 0, 0, 0, 0, 0, 0, 0, 0, 0]",5,[]
48000,"[261, 35, 192, 250]",1,217,209,0,"[0, 0, 0, 0, 0, 0, 0, 0, 0, 0, 0, 0, 0, 0, 0]",5,[]
67671,"[118, 0, 219, 309]",1,218,210,0,"[0, 0, 0, 0, 0, 0, 0, 0, 0, 0, 0, 0, 0, 0, 0]",5,[]
4897,"[230, 158, 59, 83]",1,219,211,0,"[0, 0, 0, 0, 0, 0, 0, 0, 0, 0, 0, 0, 0, 0, 0]",5,[]
184012,"[46, 7, 358, 514]",1,220,212,0,"[0, 0, 0, 0, 0, 0, 0, 0, 0, 0, 0, 0, 0, 0, 0]",5,[]
11397,"[102, 160, 87, 131]",1,221,213,0,"[0, 0, 0, 0, 0, 0, 0, 0, 0, 0, 0, 0, 0, 0, 0]",5,[]
68472,"[174, 217, 216, 317]",1,222,214,0,"[0, 0, 0, 0, 0, 0, 0, 0, 0, 0, 0, 0, 0, 0, 0]",5,[]
637450,"[284, 165, 671, 950]",1,223,215,0,"[0, 0, 0, 0, 0, 0, 0, 0, 0, 0, 0, 0, 0, 0, 0]",5,[]
807360,"[362, 29, 928, 870]",1,224,216,0,"[0, 0, 0, 0, 0, 0, 0, 0, 0, 0, 0, 0, 0, 0, 0]",5,[]
39022,"[40, 31, 179, 218]",1,225,217,0,"[0, 0, 0, 0, 0, 0, 0, 0, 0, 0, 0, 0, 0, 0, 0]",5,[]
39790,"[61, 37, 173, 230]",1,226,218,0,"[0, 0, 0, 0, 0, 0, 0, 0, 0, 0, 0, 0, 0, 0, 0]",5,[]
85505,"[377, 553, 245, 349]",1,227,219,0,"[0, 0, 0, 0, 0, 0, 0, 0, 0, 0, 0, 0, 0, 0, 0]",5,[]
71939,"[57, 307, 301, 239]",1,228,220,0,"[0, 0, 0, 0, 0, 0, 0, 0, 0, 0, 0, 0, 0, 0, 0]",5,[]
33448,"[261, 355, 148, 226]",1,229,221,0,"[0, 0, 0, 0, 0, 0, 0, 0, 0, 0, 0, 0, 0, 0, 0]",5,[]
205524,"[124, 111, 396, 519]",1,230,222,0,"[0, 0, 0, 0, 0, 0, 0, 0, 0, 0, 0, 0, 0, 0, 0]",5,[]
78720,"[157, 3, 246, 320]",1,231,223,0,"[0, 0, 0, 0, 0, 0, 0, 0, 0, 0, 0, 0, 0, 0, 0]",5,[]
237237,"[249, 24, 429, 553]",1,232,224,0,"[0, 0, 0, 0, 0, 0, 0, 0, 0, 0, 0, 0, 0, 0, 0]",5,[]
27122,"[57, 47, 142, 191]",1,233,225,0,"[0, 0, 0, 0, 0, 0, 0, 0, 0, 0, 0, 0, 0, 0, 0]",5,[]
19782,"[249, 173, 157, 126]",1,234,226,0,"[0, 0, 0, 0, 0, 0, 0, 0, 0, 0, 0, 0, 0, 0, 0]",5,[]
157170,"[529, 283, 338, 465]",1,235,227,0,"[0, 0, 0, 0, 0, 0, 0, 0, 0, 0, 0, 0, 0, 0, 0]",5,[]
23865,"[256, 298, 129, 185]",1,236,228,0,"[0, 0, 0, 0, 0, 0, 0, 0, 0, 0, 0, 0, 0, 0, 0]",5,[]
70196,"[96, 14, 218, 322]",1,237,229,0,"[0, 0, 0, 0, 0, 0, 0, 0, 0, 0, 0, 0, 0, 0, 0]",5,[]
12969,"[79, 45, 99, 131]",1,238,230,0,"[0, 0, 0, 0, 0, 0, 0, 0, 0, 0, 0, 0, 0, 0, 0]",5,[]
23384,"[284, 257, 148, 158]",1,239,231,0,"[0, 0, 0, 0, 0, 0, 0, 0, 0, 0, 0, 0, 0, 0, 0]",5,[]
15900,"[271, 214, 106, 150]",1,240,232,0,"[0, 0, 0, 0, 0, 0, 0, 0, 0, 0, 0, 0, 0, 0, 0]",5,[]
66348,"[45, 22, 228, 291]",1,241,233,0,"[0, 0, 0, 0, 0, 0, 0, 0, 0, 0, 0, 0, 0, 0, 0]",5,[]
22272,"[126, 38, 128, 174]",1,242,234,0,"[0, 0, 0, 0, 0, 0, 0, 0, 0, 0, 0, 0, 0, 0, 0]",5,[]
230280,"[157, 39, 456, 505]",1,243,235,0,"[0, 0, 0, 0, 0, 0, 0, 0, 0, 0, 0, 0, 0, 0, 0]",5,[]
90558,"[146, 76, 258, 351]",1,244,236,0,"[0, 0, 0, 0, 0, 0, 0, 0, 0, 0, 0, 0, 0, 0, 0]",5,[]
275720,"[50, 36, 488, 565]",1,245,237,0,"[0, 0, 0, 0, 0, 0, 0, 0, 0, 0, 0, 0, 0, 0, 0]",5,[]
1062936,"[75, 59, 888, 1197]",1,246,238,0,"[0, 0, 0, 0, 0, 0, 0, 0, 0, 0, 0, 0, 0, 0, 0]",5,[]
260925,"[305, 14, 525, 497]",1,247,239,0,"[0, 0, 0, 0, 0, 0, 0, 0, 0, 0, 0, 0, 0, 0, 0]",5,[]
357630,"[414, 82, 546, 655]",1,248,240,0,"[0, 0, 0, 0, 0, 0, 0, 0, 0, 0, 0, 0, 0, 0, 0]",5,[]
42750,"[63, 62, 171, 250]",1,249,241,0,"[0, 0, 0, 0, 0, 0, 0, 0, 0, 0, 0, 0, 0, 0, 0]",5,[]
7980,"[152, 215, 76, 105]",1,250,242,0,"[0, 0, 0, 0, 0, 0, 0, 0, 0, 0, 0, 0, 0, 0, 0]",5,[]
35448,"[34, 3, 168, 211]",1,251,243,0,"[0, 0, 0, 0, 0, 0, 0, 0, 0, 0, 0, 0, 0, 0, 0]",5,[]
14355,"[447, 216, 87, 165]",1,252,244,0,"[0, 0, 0, 0, 0, 0, 0, 0, 0, 0, 0, 0, 0, 0, 0]",5,[]
176732,"[299, 13, 391, 452]",1,253,245,0,"[0, 0, 0, 0, 0, 0, 0, 0, 0, 0, 0, 0, 0, 0, 0]",5,[]
28944,"[170, 59, 144, 201]",1,254,246,0,"[0, 0, 0, 0, 0, 0, 0, 0, 0, 0, 0, 0, 0, 0, 0]",5,[]
39445,"[231, 38, 161, 245]",1,255,247,0,"[0, 0, 0, 0, 0, 0, 0, 0, 0, 0, 0, 0, 0, 0, 0]",5,[]
255148,"[55, 14, 454, 562]",1,256,248,0,"[0, 0, 0, 0, 0, 0, 0, 0, 0, 0, 0, 0, 0, 0, 0]",5,[]
25071,"[27, 42, 137, 183]",1,257,249,0,"[0, 0, 0, 0, 0, 0, 0, 0, 0, 0, 0, 0, 0, 0, 0]",5,[]
334815,"[341, 210, 505, 663]",1,258,250,0,"[0, 0, 0, 0, 0, 0, 0, 0, 0, 0, 0, 0, 0, 0, 0]",5,[]
652386,"[233, 114, 686, 951]",1,259,251,0,"[0, 0, 0, 0, 0, 0, 0, 0, 0, 0, 0, 0, 0, 0, 0]",5,[]
72360,"[224, 211, 216, 335]",1,260,252,0,"[0, 0, 0, 0, 0, 0, 0, 0, 0, 0, 0, 0, 0, 0, 0]",5,[]
133560,"[154, 122, 315, 424]",1,261,253,0,"[0, 0, 0, 0, 0, 0, 0, 0, 0, 0, 0, 0, 0, 0, 0]",5,[]
142902,"[113, 77, 306, 467]",1,262,254,0,"[0, 0, 0, 0, 0, 0, 0, 0, 0, 0, 0, 0, 0, 0, 0]",5,[]
347354,"[177, 87, 577, 602]",1,263,255,0,"[0, 0, 0, 0, 0, 0, 0, 0, 0, 0, 0, 0, 0, 0, 0]",5,[]
262080,"[299, 0, 520, 504]",1,264,256,0,"[0, 0, 0, 0, 0, 0, 0, 0, 0, 0, 0, 0, 0, 0, 0]",5,[]
785206,"[401, 867, 838, 937]",1,265,257,0,"[0, 0, 0, 0, 0, 0, 0, 0, 0, 0, 0, 0, 0, 0, 0]",5,[]
70917,"[191, 43, 231, 307]",1,266,258,0,"[0, 0, 0, 0, 0, 0, 0, 0, 0, 0, 0, 0, 0, 0, 0]",5,[]
21771,"[199, 243, 123, 177]",1,267,259,0,"[0, 0, 0, 0, 0, 0, 0, 0, 0, 0, 0, 0, 0, 0, 0]",5,[]
153652,"[48, 34, 359, 428]",1,268,260,0,"[0, 0, 0, 0, 0, 0, 0, 0, 0, 0, 0, 0, 0, 0, 0]",5,[]
14880,"[280, 82, 80, 186]",1,269,261,0,"[0, 0, 0, 0, 0, 0, 0, 0, 0, 0, 0, 0, 0, 0, 0]",5,[]
91427,"[260, 116, 259, 353]",1,270,262,0,"[0, 0, 0, 0, 0, 0, 0, 0, 0, 0, 0, 0, 0, 0, 0]",5,[]
199456,"[244, 38, 368, 542]",1,271,263,0,"[0, 0, 0, 0, 0, 0, 0, 0, 0, 0, 0, 0, 0, 0, 0]",5,[]
20724,"[391, 362, 132, 157]",1,272,264,0,"[0, 0, 0, 0, 0, 0, 0, 0, 0, 0, 0, 0, 0, 0, 0]",5,[]
179399,"[201, 54, 347, 517]",1,273,265,0,"[0, 0, 0, 0, 0, 0, 0, 0, 0, 0, 0, 0, 0, 0, 0]",5,[]
14703,"[672, 293, 87, 169]",1,274,266,0,"[0, 0, 0, 0, 0, 0, 0, 0, 0, 0, 0, 0, 0, 0, 0]",5,[]
89614,"[243, 13, 259, 346]",1,275,267,0,"[0, 0, 0, 0, 0, 0, 0, 0, 0, 0, 0, 0, 0, 0, 0]",5,[]
2457,"[366, 244, 39, 63]",1,276,268,0,"[0, 0, 0, 0, 0, 0, 0, 0, 0, 0, 0, 0, 0, 0, 0]",5,[]
11481,"[497, 325, 89, 129]",1,277,269,0,"[0, 0, 0, 0, 0, 0, 0, 0, 0, 0, 0, 0, 0, 0, 0]",5,[]
508486,"[299, 0, 638, 797]",1,278,270,0,"[0, 0, 0, 0, 0, 0, 0, 0, 0, 0, 0, 0, 0, 0, 0]",5,[]
13344,"[97, 46, 96, 139]",1,279,271,0,"[0, 0, 0, 0, 0, 0, 0, 0, 0, 0, 0, 0, 0, 0, 0]",5,[]
48514,"[15, 11, 191, 254]",1,280,272,0,"[0, 0, 0, 0, 0, 0, 0, 0, 0, 0, 0, 0, 0, 0, 0]",5,[]
53934,"[238, 10, 202, 267]",1,281,272,0,"[0, 0, 0, 0, 0, 0, 0, 0, 0, 0, 0, 0, 0, 0, 0]",5,[]
92622,"[348, 6, 258, 359]",1,282,273,0,"[0, 0, 0, 0, 0, 0, 0, 0, 0, 0, 0, 0, 0, 0, 0]",5,[]
162268,"[93, 209, 359, 452]",1,283,274,0,"[0, 0, 0, 0, 0, 0, 0, 0, 0, 0, 0, 0, 0, 0, 0]",5,[]
15660,"[340, 252, 116, 135]",1,284,275,0,"[0, 0, 0, 0, 0, 0, 0, 0, 0, 0, 0, 0, 0, 0, 0]",5,[]
253869,"[51, 43, 471, 539]",1,285,276,0,"[0, 0, 0, 0, 0, 0, 0, 0, 0, 0, 0, 0, 0, 0, 0]",5,[]
101529,"[59, 72, 261, 389]",1,286,277,0,"[0, 0, 0, 0, 0, 0, 0, 0, 0, 0, 0, 0, 0, 0, 0]",5,[]
198740,"[185, 38, 380, 523]",1,287,278,0,"[0, 0, 0, 0, 0, 0, 0, 0, 0, 0, 0, 0, 0, 0, 0]",5,[]
37209,"[283, 303, 157, 237]",1,288,279,0,"[0, 0, 0, 0, 0, 0, 0, 0, 0, 0, 0, 0, 0, 0, 0]",5,[]
152922,"[10, 50, 331, 462]",1,289,280,0,"[0, 0, 0, 0, 0, 0, 0, 0, 0, 0, 0, 0, 0, 0, 0]",5,[]
52452,"[331, 240, 188, 279]",1,290,281,0,"[0, 0, 0, 0, 0, 0, 0, 0, 0, 0, 0, 0, 0, 0, 0]",5,[]
154976,"[291, 135, 334, 464]",1,291,282,0,"[0, 0, 0, 0, 0, 0, 0, 0, 0, 0, 0, 0, 0, 0, 0]",5,[]
100792,"[245, 10, 293, 344]",1,292,283,0,"[0, 0, 0, 0, 0, 0, 0, 0, 0, 0, 0, 0, 0, 0, 0]",5,[]
258770,"[51, 45, 458, 565]",1,293,284,0,"[0, 0, 0, 0, 0, 0, 0, 0, 0, 0, 0, 0, 0, 0, 0]",5,[]
1601245,"[406, 265, 1093, 1465]",1,294,285,0,"[0, 0, 0, 0, 0, 0, 0, 0, 0, 0, 0, 0, 0, 0, 0]",5,[]
230803,"[141, 4, 443, 521]",1,295,286,0,"[0, 0, 0, 0, 0, 0, 0, 0, 0, 0, 0, 0, 0, 0, 0]",5,[]
106624,"[235, 9, 272, 392]",1,296,287,0,"[0, 0, 0, 0, 0, 0, 0, 0, 0, 0, 0, 0, 0, 0, 0]",5,[]
191208,"[197, 23, 372, 514]",1,297,288,0,"[0, 0, 0, 0, 0, 0, 0, 0, 0, 0, 0, 0, 0, 0, 0]",5,[]
7215,"[192, 120, 65, 111]",1,298,289,0,"[0, 0, 0, 0, 0, 0, 0, 0, 0, 0, 0, 0, 0, 0, 0]",5,[]
71325,"[192, 14, 225, 317]",1,299,290,0,"[0, 0, 0, 0, 0, 0, 0, 0, 0, 0, 0, 0, 0, 0, 0]",5,[]
230598,"[552, 36, 414, 557]",1,300,291,0,"[0, 0, 0, 0, 0, 0, 0, 0, 0, 0, 0, 0, 0, 0, 0]",5,[]
233130,"[266, 7, 409, 570]",1,301,292,0,"[0, 0, 0, 0, 0, 0, 0, 0, 0, 0, 0, 0, 0, 0, 0]",5,[]
60134,"[202, 58, 214, 281]",1,302,293,0,"[0, 0, 0, 0, 0, 0, 0, 0, 0, 0, 0, 0, 0, 0, 0]",5,[]
220752,"[504, 63, 432, 511]",1,303,294,0,"[0, 0, 0, 0, 0, 0, 0, 0, 0, 0, 0, 0, 0, 0, 0]",5,[]
20618,"[246, 201, 122, 169]",1,304,295,0,"[0, 0, 0, 0, 0, 0, 0, 0, 0, 0, 0, 0, 0, 0, 0]",5,[]
80698,"[220, 118, 257, 314]",1,305,296,0,"[0, 0, 0, 0, 0, 0, 0, 0, 0, 0, 0, 0, 0, 0, 0]",5,[]
78435,"[41, 297, 315, 249]",1,306,297,0,"[0, 0, 0, 0, 0, 0, 0, 0, 0, 0, 0, 0, 0, 0, 0]",5,[]
7590,"[157, 211, 69, 110]",1,307,298,0,"[0, 0, 0, 0, 0, 0, 0, 0, 0, 0, 0, 0, 0, 0, 0]",5,[]
11049,"[343, 248, 87, 127]",1,308,299,0,"[0, 0, 0, 0, 0, 0, 0, 0, 0, 0, 0, 0, 0, 0, 0]",5,[]
141446,"[72, 5, 394, 359]",1,309,300,0,"[0, 0, 0, 0, 0, 0, 0, 0, 0, 0, 0, 0, 0, 0, 0]",5,[]
148584,"[167, 8, 328, 453]",1,310,301,0,"[0, 0, 0, 0, 0, 0, 0, 0, 0, 0, 0, 0, 0, 0, 0]",5,[]
225420,"[456, 1, 442, 510]",1,311,302,0,"[0, 0, 0, 0, 0, 0, 0, 0, 0, 0, 0, 0, 0, 0, 0]",5,[]
163017,"[283, 42, 307, 531]",1,312,303,0,"[0, 0, 0, 0, 0, 0, 0, 0, 0, 0, 0, 0, 0, 0, 0]",5,[]
16116,"[93, 28, 102, 158]",1,313,304,0,"[0, 0, 0, 0, 0, 0, 0, 0, 0, 0, 0, 0, 0, 0, 0]",5,[]
172260,"[4, 28, 348, 495]",1,314,305,0,"[0, 0, 0, 0, 0, 0, 0, 0, 0, 0, 0, 0, 0, 0, 0]",5,[]
200200,"[204, 2, 385, 520]",1,315,306,0,"[0, 0, 0, 0, 0, 0, 0, 0, 0, 0, 0, 0, 0, 0, 0]",5,[]
259155,"[349, 6, 443, 585]",1,316,307,0,"[0, 0, 0, 0, 0, 0, 0, 0, 0, 0, 0, 0, 0, 0, 0]",5,[]
52828,"[50, 38, 188, 281]",1,317,308,0,"[0, 0, 0, 0, 0, 0, 0, 0, 0, 0, 0, 0, 0, 0, 0]",5,[]
15070,"[73, 41, 110, 137]",1,318,309,0,"[0, 0, 0, 0, 0, 0, 0, 0, 0, 0, 0, 0, 0, 0, 0]",5,[]
35448,"[148, 1, 168, 211]",1,319,310,0,"[0, 0, 0, 0, 0, 0, 0, 0, 0, 0, 0, 0, 0, 0, 0]",5,[]
75725,"[215, 4, 233, 325]",1,320,311,0,"[0, 0, 0, 0, 0, 0, 0, 0, 0, 0, 0, 0, 0, 0, 0]",5,[]
12250,"[180, 98, 98, 125]",1,321,312,0,"[0, 0, 0, 0, 0, 0, 0, 0, 0, 0, 0, 0, 0, 0, 0]",5,[]
2760,"[125, 275, 40, 69]",1,322,313,0,"[0, 0, 0, 0, 0, 0, 0, 0, 0, 0, 0, 0, 0, 0, 0]",5,[]
1702,"[247, 167, 37, 46]",1,323,313,0,"[0, 0, 0, 0, 0, 0, 0, 0, 0, 0, 0, 0, 0, 0, 0]",5,[]
1581,"[388, 165, 31, 51]",1,324,313,0,"[0, 0, 0, 0, 0, 0, 0, 0, 0, 0, 0, 0, 0, 0, 0]",5,[]
1792,"[589, 196, 32, 56]",1,325,313,0,"[0, 0, 0, 0, 0, 0, 0, 0, 0, 0, 0, 0, 0, 0, 0]",5,[]
47498,"[194, 6, 187, 254]",1,326,314,0,"[0, 0, 0, 0, 0, 0, 0, 0, 0, 0, 0, 0, 0, 0, 0]",5,[]
309683,"[4, 22, 517, 599]",1,327,315,0,"[0, 0, 0, 0, 0, 0, 0, 0, 0, 0, 0, 0, 0, 0, 0]",5,[]
75210,"[511, 261, 230, 327]",1,328,316,0,"[0, 0, 0, 0, 0, 0, 0, 0, 0, 0, 0, 0, 0, 0, 0]",5,[]
232947,"[396, 5, 429, 543]",1,329,317,0,"[0, 0, 0, 0, 0, 0, 0, 0, 0, 0, 0, 0, 0, 0, 0]",5,[]
161109,"[283, 207, 351, 459]",1,330,318,0,"[0, 0, 0, 0, 0, 0, 0, 0, 0, 0, 0, 0, 0, 0, 0]",5,[]
246379,"[266, 0, 427, 577]",1,331,319,0,"[0, 0, 0, 0, 0, 0, 0, 0, 0, 0, 0, 0, 0, 0, 0]",5,[]
148830,"[156, 72, 330, 451]",1,332,320,0,"[0, 0, 0, 0, 0, 0, 0, 0, 0, 0, 0, 0, 0, 0, 0]",5,[]
90321,"[355, 8, 253, 357]",1,333,321,0,"[0, 0, 0, 0, 0, 0, 0, 0, 0, 0, 0, 0, 0, 0, 0]",5,[]
89915,"[181, 0, 245, 367]",1,334,322,0,"[0, 0, 0, 0, 0, 0, 0, 0, 0, 0, 0, 0, 0, 0, 0]",5,[]
19656,"[385, 137, 104, 189]",1,335,323,0,"[0, 0, 0, 0, 0, 0, 0, 0, 0, 0, 0, 0, 0, 0, 0]",5,[]
148131,"[252, 105, 327, 453]",1,336,324,0,"[0, 0, 0, 0, 0, 0, 0, 0, 0, 0, 0, 0, 0, 0, 0]",5,[]
261954,"[386, 10, 462, 567]",1,337,325,0,"[0, 0, 0, 0, 0, 0, 0, 0, 0, 0, 0, 0, 0, 0, 0]",5,[]
314352,"[74, 129, 444, 708]",1,338,326,0,"[0, 0, 0, 0, 0, 0, 0, 0, 0, 0, 0, 0, 0, 0, 0]",5,[]
10080,"[552, 326, 80, 126]",1,339,327,0,"[0, 0, 0, 0, 0, 0, 0, 0, 0, 0, 0, 0, 0, 0, 0]",5,[]
14008,"[405, 321, 103, 136]",1,340,327,0,"[0, 0, 0, 0, 0, 0, 0, 0, 0, 0, 0, 0, 0, 0, 0]",5,[]
258205,"[49, 32, 457, 565]",1,341,328,0,"[0, 0, 0, 0, 0, 0, 0, 0, 0, 0, 0, 0, 0, 0, 0]",5,[]
113850,"[331, 95, 275, 414]",1,342,329,0,"[0, 0, 0, 0, 0, 0, 0, 0, 0, 0, 0, 0, 0, 0, 0]",5,[]
75799,"[67, 32, 229, 331]",1,343,330,0,"[0, 0, 0, 0, 0, 0, 0, 0, 0, 0, 0, 0, 0, 0, 0]",5,[]
92456,"[211, 94, 254, 364]",1,344,331,0,"[0, 0, 0, 0, 0, 0, 0, 0, 0, 0, 0, 0, 0, 0, 0]",5,[]
465639,"[29, 49, 577, 807]",1,345,332,0,"[0, 0, 0, 0, 0, 0, 0, 0, 0, 0, 0, 0, 0, 0, 0]",5,[]
22015,"[90, 104, 119, 185]",1,346,333,0,"[0, 0, 0, 0, 0, 0, 0, 0, 0, 0, 0, 0, 0, 0, 0]",5,[]
24924,"[361, 106, 134, 186]",1,347,333,0,"[0, 0, 0, 0, 0, 0, 0, 0, 0, 0, 0, 0, 0, 0, 0]",5,[]
43769,"[62, 60, 173, 253]",1,348,334,0,"[0, 0, 0, 0, 0, 0, 0, 0, 0, 0, 0, 0, 0, 0, 0]",5,[]
418644,"[260, 277, 802, 522]",1,349,335,0,"[0, 0, 0, 0, 0, 0, 0, 0, 0, 0, 0, 0, 0, 0, 0]",5,[]
65664,"[66, 19, 216, 304]",1,350,336,0,"[0, 0, 0, 0, 0, 0, 0, 0, 0, 0, 0, 0, 0, 0, 0]",5,[]
81021,"[185, 22, 239, 339]",1,351,337,0,"[0, 0, 0, 0, 0, 0, 0, 0, 0, 0, 0, 0, 0, 0, 0]",5,[]
29200,"[54, 22, 146, 200]",1,352,338,0,"[0, 0, 0, 0, 0, 0, 0, 0, 0, 0, 0, 0, 0, 0, 0]",5,[]
376298,"[520, 13, 533, 706]",1,353,339,0,"[0, 0, 0, 0, 0, 0, 0, 0, 0, 0, 0, 0, 0, 0, 0]",5,[]
264915,"[106, 154, 435, 609]",1,354,340,0,"[0, 0, 0, 0, 0, 0, 0, 0, 0, 0, 0, 0, 0, 0, 0]",5,[]
61494,"[198, 100, 222, 277]",1,355,341,0,"[0, 0, 0, 0, 0, 0, 0, 0, 0, 0, 0, 0, 0, 0, 0]",5,[]
50544,"[62, 79, 216, 234]",1,356,342,0,"[0, 0, 0, 0, 0, 0, 0, 0, 0, 0, 0, 0, 0, 0, 0]",5,[]
42423,"[299, 207, 179, 237]",1,357,343,0,"[0, 0, 0, 0, 0, 0, 0, 0, 0, 0, 0, 0, 0, 0, 0]",5,[]
577752,"[421, 228, 724, 798]",1,358,344,0,"[0, 0, 0, 0, 0, 0, 0, 0, 0, 0, 0, 0, 0, 0, 0]",5,[]
100464,"[46, 73, 276, 364]",1,359,345,0,"[0, 0, 0, 0, 0, 0, 0, 0, 0, 0, 0, 0, 0, 0, 0]",5,[]
56642,"[177, 63, 223, 254]",1,360,346,0,"[0, 0, 0, 0, 0, 0, 0, 0, 0, 0, 0, 0, 0, 0, 0]",5,[]
316619,"[148, 49, 479, 661]",1,361,347,0,"[0, 0, 0, 0, 0, 0, 0, 0, 0, 0, 0, 0, 0, 0, 0]",5,[]
91656,"[151, 2, 268, 342]",1,362,348,0,"[0, 0, 0, 0, 0, 0, 0, 0, 0, 0, 0, 0, 0, 0, 0]",5,[]
193404,"[457, 12, 454, 426]",1,363,349,0,"[0, 0, 0, 0, 0, 0, 0, 0, 0, 0, 0, 0, 0, 0, 0]",5,[]
81765,"[163, 67, 237, 345]",1,364,349,0,"[0, 0, 0, 0, 0, 0, 0, 0, 0, 0, 0, 0, 0, 0, 0]",5,[]
10591,"[250, 178, 89, 119]",1,365,350,0,"[0, 0, 0, 0, 0, 0, 0, 0, 0, 0, 0, 0, 0, 0, 0]",5,[]
54780,"[63, 43, 330, 166]",1,366,351,0,"[0, 0, 0, 0, 0, 0, 0, 0, 0, 0, 0, 0, 0, 0, 0]",5,[]
237584,"[6, 11, 479, 496]",1,367,352,0,"[0, 0, 0, 0, 0, 0, 0, 0, 0, 0, 0, 0, 0, 0, 0]",5,[]
1461495,"[472, 175, 1085, 1347]",1,368,353,0,"[0, 0, 0, 0, 0, 0, 0, 0, 0, 0, 0, 0, 0, 0, 0]",5,[]
1074311,"[630, 232, 919, 1169]",1,369,354,0,"[0, 0, 0, 0, 0, 0, 0, 0, 0, 0, 0, 0, 0, 0, 0]",5,[]
128426,"[28, 62, 314, 409]",1,370,355,0,"[0, 0, 0, 0, 0, 0, 0, 0, 0, 0, 0, 0, 0, 0, 0]",5,[]
130647,"[128, 110, 321, 407]",1,371,356,0,"[0, 0, 0, 0, 0, 0, 0, 0, 0, 0, 0, 0, 0, 0, 0]",5,[]
294573,"[256, 157, 447, 659]",1,372,357,0,"[0, 0, 0, 0, 0, 0, 0, 0, 0, 0, 0, 0, 0, 0, 0]",5,[]
343562,"[503, 0, 566, 607]",1,373,358,0,"[0, 0, 0, 0, 0, 0, 0, 0, 0, 0, 0, 0, 0, 0, 0]",5,[]
1292080,"[63, 34, 1042, 1240]",1,374,359,0,"[0, 0, 0, 0, 0, 0, 0, 0, 0, 0, 0, 0, 0, 0, 0]",5,[]
342630,"[88, 68, 486, 705]",1,375,360,0,"[0, 0, 0, 0, 0, 0, 0, 0, 0, 0, 0, 0, 0, 0, 0]",5,[]
138648,"[14, 5, 318, 436]",1,376,361,0,"[0, 0, 0, 0, 0, 0, 0, 0, 0, 0, 0, 0, 0, 0, 0]",5,[]
1909908,"[329, 150, 1166, 1638]",1,377,362,0,"[0, 0, 0, 0, 0, 0, 0, 0, 0, 0, 0, 0, 0, 0, 0]",5,[]
1064,"[172, 146, 28, 38]",1,378,363,0,"[0, 0, 0, 0, 0, 0, 0, 0, 0, 0, 0, 0, 0, 0, 0]",5,[]
273042,"[162, 0, 591, 462]",1,379,364,0,"[0, 0, 0, 0, 0, 0, 0, 0, 0, 0, 0, 0, 0, 0, 0]",5,[]
481376,"[387, 82, 614, 784]",1,380,365,0,"[0, 0, 0, 0, 0, 0, 0, 0, 0, 0, 0, 0, 0, 0, 0]",5,[]
134800,"[40, 95, 337, 400]",1,381,366,0,"[0, 0, 0, 0, 0, 0, 0, 0, 0, 0, 0, 0, 0, 0, 0]",5,[]
75632,"[187, 213, 232, 326]",1,382,367,0,"[0, 0, 0, 0, 0, 0, 0, 0, 0, 0, 0, 0, 0, 0, 0]",5,[]
158466,"[144, 68, 343, 462]",1,383,368,0,"[0, 0, 0, 0, 0, 0, 0, 0, 0, 0, 0, 0, 0, 0, 0]",5,[]
171828,"[208, 21, 444, 387]",1,384,369,0,"[0, 0, 0, 0, 0, 0, 0, 0, 0, 0, 0, 0, 0, 0, 0]",5,[]
40994,"[77, 23, 199, 206]",1,385,370,0,"[0, 0, 0, 0, 0, 0, 0, 0, 0, 0, 0, 0, 0, 0, 0]",5,[]
80688,"[115, 40, 246, 328]",1,386,371,0,"[0, 0, 0, 0, 0, 0, 0, 0, 0, 0, 0, 0, 0, 0, 0]",5,[]
27664,"[181, 90, 152, 182]",1,387,372,0,"[0, 0, 0, 0, 0, 0, 0, 0, 0, 0, 0, 0, 0, 0, 0]",5,[]
333392,"[167, 243, 536, 622]",1,388,373,0,"[0, 0, 0, 0, 0, 0, 0, 0, 0, 0, 0, 0, 0, 0, 0]",5,[]
83037,"[202, 65, 267, 311]",1,389,374,0,"[0, 0, 0, 0, 0, 0, 0, 0, 0, 0, 0, 0, 0, 0, 0]",5,[]
100375,"[134, 33, 275, 365]",1,390,375,0,"[0, 0, 0, 0, 0, 0, 0, 0, 0, 0, 0, 0, 0, 0, 0]",5,[]
145521,"[16, 32, 333, 437]",1,391,376,0,"[0, 0, 0, 0, 0, 0, 0, 0, 0, 0, 0, 0, 0, 0, 0]",5,[]
37107,"[141, 198, 171, 217]",1,392,377,0,"[0, 0, 0, 0, 0, 0, 0, 0, 0, 0, 0, 0, 0, 0, 0]",5,[]
104876,"[93, 46, 314, 334]",1,393,378,0,"[0, 0, 0, 0, 0, 0, 0, 0, 0, 0, 0, 0, 0, 0, 0]",5,[]
34884,"[226, 359, 171, 204]",1,394,379,0,"[0, 0, 0, 0, 0, 0, 0, 0, 0, 0, 0, 0, 0, 0, 0]",5,[]
115184,"[540, 692, 313, 368]",1,395,380,0,"[0, 0, 0, 0, 0, 0, 0, 0, 0, 0, 0, 0, 0, 0, 0]",5,[]
402815,"[155, 30, 595, 677]",1,396,381,0,"[0, 0, 0, 0, 0, 0, 0, 0, 0, 0, 0, 0, 0, 0, 0]",5,[]
27565,"[23, 31, 149, 185]",1,397,382,0,"[0, 0, 0, 0, 0, 0, 0, 0, 0, 0, 0, 0, 0, 0, 0]",5,[]
119566,"[125, 17, 313, 382]",1,398,383,0,"[0, 0, 0, 0, 0, 0, 0, 0, 0, 0, 0, 0, 0, 0, 0]",5,[]
140008,"[279, 0, 344, 407]",1,399,384,0,"[0, 0, 0, 0, 0, 0, 0, 0, 0, 0, 0, 0, 0, 0, 0]",5,[]
304062,"[397, 3, 561, 542]",1,400,385,0,"[0, 0, 0, 0, 0, 0, 0, 0, 0, 0, 0, 0, 0, 0, 0]",5,[]
57474,"[284, 14, 206, 279]",1,401,386,0,"[0, 0, 0, 0, 0, 0, 0, 0, 0, 0, 0, 0, 0, 0, 0]",5,[]
82698,"[109, 0, 231, 358]",1,402,387,0,"[0, 0, 0, 0, 0, 0, 0, 0, 0, 0, 0, 0, 0, 0, 0]",5,[]
137172,"[158, 27, 322, 426]",1,403,388,0,"[0, 0, 0, 0, 0, 0, 0, 0, 0, 0, 0, 0, 0, 0, 0]",5,[]
361053,"[389, 138, 521, 693]",1,404,389,0,"[0, 0, 0, 0, 0, 0, 0, 0, 0, 0, 0, 0, 0, 0, 0]",5,[]
105570,"[250, 86, 270, 391]",1,405,390,0,"[0, 0, 0, 0, 0, 0, 0, 0, 0, 0, 0, 0, 0, 0, 0]",5,[]
493488,"[53, 119, 596, 828]",1,406,391,0,"[0, 0, 0, 0, 0, 0, 0, 0, 0, 0, 0, 0, 0, 0, 0]",5,[]
1095324,"[153, 208, 941, 1164]",1,407,392,0,"[0, 0, 0, 0, 0, 0, 0, 0, 0, 0, 0, 0, 0, 0, 0]",5,[]
318240,"[39, 85, 480, 663]",1,408,393,0,"[0, 0, 0, 0, 0, 0, 0, 0, 0, 0, 0, 0, 0, 0, 0]",5,[]
759704,"[204, 142, 712, 1067]",1,409,394,0,"[0, 0, 0, 0, 0, 0, 0, 0, 0, 0, 0, 0, 0, 0, 0]",5,[]
36520,"[243, 60, 166, 220]",1,410,395,0,"[0, 0, 0, 0, 0, 0, 0, 0, 0, 0, 0, 0, 0, 0, 0]",5,[]
43052,"[259, 218, 188, 229]",1,411,396,0,"[0, 0, 0, 0, 0, 0, 0, 0, 0, 0, 0, 0, 0, 0, 0]",5,[]
652354,"[194, 137, 743, 878]",1,412,397,0,"[0, 0, 0, 0, 0, 0, 0, 0, 0, 0, 0, 0, 0, 0, 0]",5,[]
252280,"[653, 154, 476, 530]",1,413,398,0,"[0, 0, 0, 0, 0, 0, 0, 0, 0, 0, 0, 0, 0, 0, 0]",5,[]
785400,"[108, 92, 714, 1100]",1,414,399,0,"[0, 0, 0, 0, 0, 0, 0, 0, 0, 0, 0, 0, 0, 0, 0]",5,[]
249264,"[265, 46, 432, 577]",1,415,400,0,"[0, 0, 0, 0, 0, 0, 0, 0, 0, 0, 0, 0, 0, 0, 0]",5,[]
62930,"[43, 30, 217, 290]",1,416,401,0,"[0, 0, 0, 0, 0, 0, 0, 0, 0, 0, 0, 0, 0, 0, 0]",5,[]
71920,"[85, 48, 232, 310]",1,417,402,0,"[0, 0, 0, 0, 0, 0, 0, 0, 0, 0, 0, 0, 0, 0, 0]",5,[]
162384,"[214, 179, 408, 398]",1,418,403,0,"[0, 0, 0, 0, 0, 0, 0, 0, 0, 0, 0, 0, 0, 0, 0]",5,[]
232545,"[65, 91, 419, 555]",1,419,404,0,"[0, 0, 0, 0, 0, 0, 0, 0, 0, 0, 0, 0, 0, 0, 0]",5,[]
189125,"[42, 1, 425, 445]",1,420,405,0,"[0, 0, 0, 0, 0, 0, 0, 0, 0, 0, 0, 0, 0, 0, 0]",5,[]
128102,"[467, 71, 338, 379]",1,421,406,0,"[0, 0, 0, 0, 0, 0, 0, 0, 0, 0, 0, 0, 0, 0, 0]",5,[]
51379,"[344, 405, 191, 269]",1,422,407,0,"[0, 0, 0, 0, 0, 0, 0, 0, 0, 0, 0, 0, 0, 0, 0]",5,[]
22044,"[20, 19, 167, 132]",1,423,408,0,"[0, 0, 0, 0, 0, 0, 0, 0, 0, 0, 0, 0, 0, 0, 0]",5,[]
56376,"[243, 93, 232, 243]",1,424,409,0,"[0, 0, 0, 0, 0, 0, 0, 0, 0, 0, 0, 0, 0, 0, 0]",5,[]
32800,"[96, 86, 164, 200]",1,425,410,0,"[0, 0, 0, 0, 0, 0, 0, 0, 0, 0, 0, 0, 0, 0, 0]",5,[]
730048,"[194, 103, 748, 976]",1,426,411,0,"[0, 0, 0, 0, 0, 0, 0, 0, 0, 0, 0, 0, 0, 0, 0]",5,[]
159375,"[32, 41, 375, 425]",1,427,412,0,"[0, 0, 0, 0, 0, 0, 0, 0, 0, 0, 0, 0, 0, 0, 0]",5,[]
515160,"[401, 81, 636, 810]",1,428,413,0,"[0, 0, 0, 0, 0, 0, 0, 0, 0, 0, 0, 0, 0, 0, 0]",5,[]
2453470,"[391, 87, 1406, 1745]",1,429,414,0,"[0, 0, 0, 0, 0, 0, 0, 0, 0, 0, 0, 0, 0, 0, 0]",5,[]
52070,"[306, 397, 205, 254]",1,430,415,0,"[0, 0, 0, 0, 0, 0, 0, 0, 0, 0, 0, 0, 0, 0, 0]",5,[]
238464,"[310, 273, 414, 576]",1,431,416,0,"[0, 0, 0, 0, 0, 0, 0, 0, 0, 0, 0, 0, 0, 0, 0]",5,[]
333450,"[6, 22, 450, 741]",1,432,417,0,"[0, 0, 0, 0, 0, 0, 0, 0, 0, 0, 0, 0, 0, 0, 0]",5,[]
369576,"[66, 4, 708, 522]",1,433,418,0,"[0, 0, 0, 0, 0, 0, 0, 0, 0, 0, 0, 0, 0, 0, 0]",5,[]
103565,"[24, 33, 269, 385]",1,434,419,0,"[0, 0, 0, 0, 0, 0, 0, 0, 0, 0, 0, 0, 0, 0, 0]",5,[]
59318,"[357, 32, 223, 266]",1,435,419,0,"[0, 0, 0, 0, 0, 0, 0, 0, 0, 0, 0, 0, 0, 0, 0]",5,[]
44820,"[641, 332, 270, 166]",1,436,420,0,"[0, 0, 0, 0, 0, 0, 0, 0, 0, 0, 0, 0, 0, 0, 0]",5,[]
210144,"[185, 127, 398, 528]",1,437,421,0,"[0, 0, 0, 0, 0, 0, 0, 0, 0, 0, 0, 0, 0, 0, 0]",5,[]
4536855,"[373, 28, 1845, 2459]",1,438,422,0,"[0, 0, 0, 0, 0, 0, 0, 0, 0, 0, 0, 0, 0, 0, 0]",5,[]
165600,"[195, 132, 360, 460]",1,439,423,0,"[0, 0, 0, 0, 0, 0, 0, 0, 0, 0, 0, 0, 0, 0, 0]",5,[]
1692103,"[1260, 1765, 1141, 1483]",1,440,424,0,"[0, 0, 0, 0, 0, 0, 0, 0, 0, 0, 0, 0, 0, 0, 0]",5,[]
157850,"[293, 10, 385, 410]",1,441,425,0,"[0, 0, 0, 0, 0, 0, 0, 0, 0, 0, 0, 0, 0, 0, 0]",5,[]
69850,"[157, 480, 254, 275]",1,442,426,0,"[0, 0, 0, 0, 0, 0, 0, 0, 0, 0, 0, 0, 0, 0, 0]",5,[]
176436,"[245, 340, 377, 468]",1,443,427,0,"[0, 0, 0, 0, 0, 0, 0, 0, 0, 0, 0, 0, 0, 0, 0]",5,[]
183524,"[62, 28, 388, 473]",1,444,428,0,"[0, 0, 0, 0, 0, 0, 0, 0, 0, 0, 0, 0, 0, 0, 0]",5,[]
715200,"[346, 197, 745, 960]",1,445,429,0,"[0, 0, 0, 0, 0, 0, 0, 0, 0, 0, 0, 0, 0, 0, 0]",5,[]
108000,"[250, 68, 288, 375]",1,446,430,0,"[0, 0, 0, 0, 0, 0, 0, 0, 0, 0, 0, 0, 0, 0, 0]",5,[]
4453584,"[123, 130, 1752, 2542]",1,447,431,0,"[0, 0, 0, 0, 0, 0, 0, 0, 0, 0, 0, 0, 0, 0, 0]",5,[]
14688,"[53, 16, 144, 102]",1,448,432,0,"[0, 0, 0, 0, 0, 0, 0, 0, 0, 0, 0, 0, 0, 0, 0]",5,[]
153872,"[99, 33, 326, 472]",1,449,433,0,"[0, 0, 0, 0, 0, 0, 0, 0, 0, 0, 0, 0, 0, 0, 0]",5,[]
51754,"[102, 0, 226, 229]",1,450,434,0,"[0, 0, 0, 0, 0, 0, 0, 0, 0, 0, 0, 0, 0, 0, 0]",5,[]
219373,"[57, 80, 407, 539]",1,451,435,0,"[0, 0, 0, 0, 0, 0, 0, 0, 0, 0, 0, 0, 0, 0, 0]",5,[]
354312,"[47, 49, 532, 666]",1,452,436,0,"[0, 0, 0, 0, 0, 0, 0, 0, 0, 0, 0, 0, 0, 0, 0]",5,[]
118272,"[302, 5, 336, 352]",1,453,437,0,"[0, 0, 0, 0, 0, 0, 0, 0, 0, 0, 0, 0, 0, 0, 0]",5,[]
114954,"[96, 16, 357, 322]",1,454,438,0,"[0, 0, 0, 0, 0, 0, 0, 0, 0, 0, 0, 0, 0, 0, 0]",5,[]
531570,"[75, 77, 611, 870]",1,455,439,0,"[0, 0, 0, 0, 0, 0, 0, 0, 0, 0, 0, 0, 0, 0, 0]",5,[]
141358,"[59, 24, 322, 439]",1,456,440,0,"[0, 0, 0, 0, 0, 0, 0, 0, 0, 0, 0, 0, 0, 0, 0]",5,[]
76160,"[186, 75, 238, 320]",1,457,441,0,"[0, 0, 0, 0, 0, 0, 0, 0, 0, 0, 0, 0, 0, 0, 0]",5,[]
6321,"[152, 157, 129, 49]",1,458,442,0,"[0, 0, 0, 0, 0, 0, 0, 0, 0, 0, 0, 0, 0, 0, 0]",5,[]
581280,"[119, 62, 692, 840]",1,459,443,0,"[0, 0, 0, 0, 0, 0, 0, 0, 0, 0, 0, 0, 0, 0, 0]",5,[]
117810,"[523, 477, 315, 374]",1,460,444,0,"[0, 0, 0, 0, 0, 0, 0, 0, 0, 0, 0, 0, 0, 0, 0]",5,[]
238798,"[323, 43, 461, 518]",1,461,445,0,"[0, 0, 0, 0, 0, 0, 0, 0, 0, 0, 0, 0, 0, 0, 0]",5,[]
202470,"[330, 100, 397, 510]",1,462,446,0,"[0, 0, 0, 0, 0, 0, 0, 0, 0, 0, 0, 0, 0, 0, 0]",5,[]
88998,"[192, 15, 273, 326]",1,463,447,0,"[0, 0, 0, 0, 0, 0, 0, 0, 0, 0, 0, 0, 0, 0, 0]",5,[]
189514,"[490, 632, 394, 481]",1,464,448,0,"[0, 0, 0, 0, 0, 0, 0, 0, 0, 0, 0, 0, 0, 0, 0]",5,[]
33975,"[190, 238, 151, 225]",1,465,449,0,"[0, 0, 0, 0, 0, 0, 0, 0, 0, 0, 0, 0, 0, 0, 0]",5,[]
1995084,"[107, 1190, 1274, 1566]",1,466,450,0,"[0, 0, 0, 0, 0, 0, 0, 0, 0, 0, 0, 0, 0, 0, 0]",5,[]
34067,"[279, 80, 163, 209]",1,467,451,0,"[0, 0, 0, 0, 0, 0, 0, 0, 0, 0, 0, 0, 0, 0, 0]",5,[]
116328,"[23, 63, 444, 262]",1,468,452,0,"[0, 0, 0, 0, 0, 0, 0, 0, 0, 0, 0, 0, 0, 0, 0]",5,[]
177840,"[8, 97, 390, 456]",1,469,453,0,"[0, 0, 0, 0, 0, 0, 0, 0, 0, 0, 0, 0, 0, 0, 0]",5,[]
52845,"[503, 417, 195, 271]",1,470,454,0,"[0, 0, 0, 0, 0, 0, 0, 0, 0, 0, 0, 0, 0, 0, 0]",5,[]
68292,"[261, 16, 252, 271]",1,471,455,0,"[0, 0, 0, 0, 0, 0, 0, 0, 0, 0, 0, 0, 0, 0, 0]",5,[]
2752,"[292, 199, 43, 64]",1,472,456,0,"[0, 0, 0, 0, 0, 0, 0, 0, 0, 0, 0, 0, 0, 0, 0]",5,[]
4897,"[183, 215, 83, 59]",1,473,456,0,"[0, 0, 0, 0, 0, 0, 0, 0, 0, 0, 0, 0, 0, 0, 0]",5,[]
39179,"[535, 551, 203, 193]",1,474,457,0,"[0, 0, 0, 0, 0, 0, 0, 0, 0, 0, 0, 0, 0, 0, 0]",5,[]
2847,"[236, 166, 39, 73]",1,475,458,0,"[0, 0, 0, 0, 0, 0, 0, 0, 0, 0, 0, 0, 0, 0, 0]",5,[]
8085,"[400, 346, 77, 105]",1,476,459,0,"[0, 0, 0, 0, 0, 0, 0, 0, 0, 0, 0, 0, 0, 0, 0]",5,[]
10032,"[523, 316, 76, 132]",1,477,459,0,"[0, 0, 0, 0, 0, 0, 0, 0, 0, 0, 0, 0, 0, 0, 0]",5,[]
67512,"[417, 455, 194, 348]",1,478,460,0,"[0, 0, 0, 0, 0, 0, 0, 0, 0, 0, 0, 0, 0, 0, 0]",5,[]
597632,"[6, 9, 667, 896]",1,479,461,0,"[0, 0, 0, 0, 0, 0, 0, 0, 0, 0, 0, 0, 0, 0, 0]",5,[]
29591,"[272, 284, 127, 233]",1,480,462,0,"[0, 0, 0, 0, 0, 0, 0, 0, 0, 0, 0, 0, 0, 0, 0]",5,[]
40700,"[237, 279, 185, 220]",1,481,463,0,"[0, 0, 0, 0, 0, 0, 0, 0, 0, 0, 0, 0, 0, 0, 0]",5,[]
398486,"[25, 92, 614, 649]",1,482,464,0,"[0, 0, 0, 0, 0, 0, 0, 0, 0, 0, 0, 0, 0, 0, 0]",5,[]
86548,"[90, 0, 281, 308]",1,483,465,0,"[0, 0, 0, 0, 0, 0, 0, 0, 0, 0, 0, 0, 0, 0, 0]",5,[]
2923,"[157, 127, 37, 79]",1,484,466,0,"[0, 0, 0, 0, 0, 0, 0, 0, 0, 0, 0, 0, 0, 0, 0]",5,[]
16611,"[91, 567, 113, 147]",1,485,467,0,"[0, 0, 0, 0, 0, 0, 0, 0, 0, 0, 0, 0, 0, 0, 0]",5,[]
134653,"[42, -2, 361, 373]",1,486,468,0,"[0, 0, 0, 0, 0, 0, 0, 0, 0, 0, 0, 0, 0, 0, 0]",5,[]
110970,"[212, 0, 270, 411]",1,487,469,0,"[0, 0, 0, 0, 0, 0, 0, 0, 0, 0, 0, 0, 0, 0, 0]",5,[]
105258,"[491, 360, 318, 331]",1,488,470,0,"[0, 0, 0, 0, 0, 0, 0, 0, 0, 0, 0, 0, 0, 0, 0]",5,[]
246708,"[66, 10, 396, 623]",1,489,471,0,"[0, 0, 0, 0, 0, 0, 0, 0, 0, 0, 0, 0, 0, 0, 0]",5,[]
25955,"[884, 528, 145, 179]",1,490,472,0,"[0, 0, 0, 0, 0, 0, 0, 0, 0, 0, 0, 0, 0, 0, 0]",5,[]
32864,"[654, 549, 208, 158]",1,491,472,0,"[0, 0, 0, 0, 0, 0, 0, 0, 0, 0, 0, 0, 0, 0, 0]",5,[]
14136,"[324, 313, 152, 93]",1,492,473,0,"[0, 0, 0, 0, 0, 0, 0, 0, 0, 0, 0, 0, 0, 0, 0]",5,[]
8614,"[526, 288, 73, 118]",1,493,473,0,"[0, 0, 0, 0, 0, 0, 0, 0, 0, 0, 0, 0, 0, 0, 0]",5,[]
233325,"[64, 2, 549, 425]",1,494,474,0,"[0, 0, 0, 0, 0, 0, 0, 0, 0, 0, 0, 0, 0, 0, 0]",5,[]
3445,"[82, 126, 53, 65]",1,495,475,0,"[0, 0, 0, 0, 0, 0, 0, 0, 0, 0, 0, 0, 0, 0, 0]",5,[]
16380,"[466, 283, 117, 140]",1,496,476,0,"[0, 0, 0, 0, 0, 0, 0, 0, 0, 0, 0, 0, 0, 0, 0]",5,[]
17640,"[308, 295, 147, 120]",1,497,476,0,"[0, 0, 0, 0, 0, 0, 0, 0, 0, 0, 0, 0, 0, 0, 0]",5,[]
17667,"[729, 554, 117, 151]",1,498,477,0,"[0, 0, 0, 0, 0, 0, 0, 0, 0, 0, 0, 0, 0, 0, 0]",5,[]
40976,"[124, 316, 197, 208]",1,499,478,0,"[0, 0, 0, 0, 0, 0, 0, 0, 0, 0, 0, 0, 0, 0, 0]",5,[]
148081,"[307, 40, 373, 397]",1,500,479,0,"[0, 0, 0, 0, 0, 0, 0, 0, 0, 0, 0, 0, 0, 0, 0]",5,[]
2035,"[247, 174, 37, 55]",1,501,480,0,"[0, 0, 0, 0, 0, 0, 0, 0, 0, 0, 0, 0, 0, 0, 0]",5,[]
1300,"[168, 204, 50, 26]",1,502,480,0,"[0, 0, 0, 0, 0, 0, 0, 0, 0, 0, 0, 0, 0, 0, 0]",5,[]
35392,"[204, 217, 158, 224]",1,503,481,0,"[0, 0, 0, 0, 0, 0, 0, 0, 0, 0, 0, 0, 0, 0, 0]",5,[]
105696,"[314, 107, 288, 367]",1,504,482,0,"[0, 0, 0, 0, 0, 0, 0, 0, 0, 0, 0, 0, 0, 0, 0]",5,[]
491355,"[1431, 1605, 895, 549]",1,505,483,0,"[0, 0, 0, 0, 0, 0, 0, 0, 0, 0, 0, 0, 0, 0, 0]",5,[]
108630,"[48, 45, 306, 355]",1,506,484,0,"[0, 0, 0, 0, 0, 0, 0, 0, 0, 0, 0, 0, 0, 0, 0]",5,[]
12423,"[111, 135, 101, 123]",1,507,485,0,"[0, 0, 0, 0, 0, 0, 0, 0, 0, 0, 0, 0, 0, 0, 0]",5,[]
22763,"[391, 532, 221, 103]",1,508,486,0,"[0, 0, 0, 0, 0, 0, 0, 0, 0, 0, 0, 0, 0, 0, 0]",5,[]
14746,"[632, 486, 101, 146]",1,509,486,0,"[0, 0, 0, 0, 0, 0, 0, 0, 0, 0, 0, 0, 0, 0, 0]",5,[]
12288,"[120, 71, 96, 128]",1,510,487,0,"[0, 0, 0, 0, 0, 0, 0, 0, 0, 0, 0, 0, 0, 0, 0]",5,[]
1827166,"[178, 2, 1727, 1058]",1,511,488,0,"[0, 0, 0, 0, 0, 0, 0, 0, 0, 0, 0, 0, 0, 0, 0]",5,[]
114444,"[123, 1, 306, 374]",1,512,489,0,"[0, 0, 0, 0, 0, 0, 0, 0, 0, 0, 0, 0, 0, 0, 0]",5,[]
225180,"[22, 30, 405, 556]",1,513,490,0,"[0, 0, 0, 0, 0, 0, 0, 0, 0, 0, 0, 0, 0, 0, 0]",5,[]
508047,"[118, 157, 597, 851]",1,514,491,0,"[0, 0, 0, 0, 0, 0, 0, 0, 0, 0, 0, 0, 0, 0, 0]",5,[]
21010,"[450, 634, 191, 110]",1,515,492,0,"[0, 0, 0, 0, 0, 0, 0, 0, 0, 0, 0, 0, 0, 0, 0]",5,[]
11303,"[673, 615, 89, 127]",1,516,492,0,"[0, 0, 0, 0, 0, 0, 0, 0, 0, 0, 0, 0, 0, 0, 0]",5,[]
40205,"[33, 3, 215, 187]",1,517,493,0,"[0, 0, 0, 0, 0, 0, 0, 0, 0, 0, 0, 0, 0, 0, 0]",5,[]
21000,"[117, 52, 120, 175]",1,518,494,0,"[0, 0, 0, 0, 0, 0, 0, 0, 0, 0, 0, 0, 0, 0, 0]",5,[]
13720,"[701, 414, 98, 140]",1,519,495,0,"[0, 0, 0, 0, 0, 0, 0, 0, 0, 0, 0, 0, 0, 0, 0]",5,[]
137992,"[33, 141, 376, 367]",1,520,496,0,"[0, 0, 0, 0, 0, 0, 0, 0, 0, 0, 0, 0, 0, 0, 0]",5,[]
25740,"[266, 203, 132, 195]",1,521,497,0,"[0, 0, 0, 0, 0, 0, 0, 0, 0, 0, 0, 0, 0, 0, 0]",5,[]
143244,"[153, 69, 346, 414]",1,522,498,0,"[0, 0, 0, 0, 0, 0, 0, 0, 0, 0, 0, 0, 0, 0, 0]",5,[]
6767,"[675, 598, 67, 101]",1,523,499,0,"[0, 0, 0, 0, 0, 0, 0, 0, 0, 0, 0, 0, 0, 0, 0]",5,[]
11826,"[507, 617, 146, 81]",1,524,499,0,"[0, 0, 0, 0, 0, 0, 0, 0, 0, 0, 0, 0, 0, 0, 0]",5,[]
66640,"[0, 46, 280, 238]",1,525,500,0,"[0, 0, 0, 0, 0, 0, 0, 0, 0, 0, 0, 0, 0, 0, 0]",5,[]
2072,"[255, 168, 37, 56]",1,526,501,0,"[0, 0, 0, 0, 0, 0, 0, 0, 0, 0, 0, 0, 0, 0, 0]",5,[]
2590,"[163, 187, 70, 37]",1,527,501,0,"[0, 0, 0, 0, 0, 0, 0, 0, 0, 0, 0, 0, 0, 0, 0]",5,[]
4857570,"[959, 499, 1999, 2430]",1,528,502,0,"[0, 0, 0, 0, 0, 0, 0, 0, 0, 0, 0, 0, 0, 0, 0]",5,[]
198708,"[2849, 1820, 348, 571]",1,529,503,0,"[0, 0, 0, 0, 0, 0, 0, 0, 0, 0, 0, 0, 0, 0, 0]",5,[]
543508,"[1753, 1706, 826, 658]",1,530,503,0,"[0, 0, 0, 0, 0, 0, 0, 0, 0, 0, 0, 0, 0, 0, 0]",5,[]
754730,"[4588, 2652, 710, 1063]",1,531,504,0,"[0, 0, 0, 0, 0, 0, 0, 0, 0, 0, 0, 0, 0, 0, 0]",5,[]
1144095,"[2928, 2804, 1335, 857]",1,532,504,0,"[0, 0, 0, 0, 0, 0, 0, 0, 0, 0, 0, 0, 0, 0, 0]",5,[]
155092,"[36, 25, 382, 406]",1,533,505,0,"[0, 0, 0, 0, 0, 0, 0, 0, 0, 0, 0, 0, 0, 0, 0]",5,[]
190292,"[30, 54, 421, 452]",1,534,506,0,"[0, 0, 0, 0, 0, 0, 0, 0, 0, 0, 0, 0, 0, 0, 0]",5,[]
57902,"[361, 365, 221, 262]",1,535,507,0,"[0, 0, 0, 0, 0, 0, 0, 0, 0, 0, 0, 0, 0, 0, 0]",5,[]
363350,"[61, 126, 559, 650]",1,536,508,0,"[0, 0, 0, 0, 0, 0, 0, 0, 0, 0, 0, 0, 0, 0, 0]",5,[]
508816,"[1906, 1662, 784, 649]",1,537,509,0,"[0, 0, 0, 0, 0, 0, 0, 0, 0, 0, 0, 0, 0, 0, 0]",5,[]
254826,"[2742, 1624, 429, 594]",1,538,509,0,"[0, 0, 0, 0, 0, 0, 0, 0, 0, 0, 0, 0, 0, 0, 0]",5,[]
148104,"[179, 78, 374, 396]",1,539,510,0,"[0, 0, 0, 0, 0, 0, 0, 0, 0, 0, 0, 0, 0, 0, 0]",5,[]
9030,"[175, 177, 86, 105]",1,540,511,0,"[0, 0, 0, 0, 0, 0, 0, 0, 0, 0, 0, 0, 0, 0, 0]",5,[]
11122,"[549, 311, 83, 134]",1,541,512,0,"[0, 0, 0, 0, 0, 0, 0, 0, 0, 0, 0, 0, 0, 0, 0]",5,[]
16758,"[336, 341, 171, 98]",1,542,512,0,"[0, 0, 0, 0, 0, 0, 0, 0, 0, 0, 0, 0, 0, 0, 0]",5,[]
49693,"[179, 0, 217, 229]",1,543,513,0,"[0, 0, 0, 0, 0, 0, 0, 0, 0, 0, 0, 0, 0, 0, 0]",5,[]
51142,"[333, 455, 281, 182]",1,544,514,0,"[0, 0, 0, 0, 0, 0, 0, 0, 0, 0, 0, 0, 0, 0, 0]",5,[]
14443,"[648, 495, 101, 143]",1,545,514,0,"[0, 0, 0, 0, 0, 0, 0, 0, 0, 0, 0, 0, 0, 0, 0]",5,[]
17688,"[129, 100, 132, 134]",1,546,515,0,"[0, 0, 0, 0, 0, 0, 0, 0, 0, 0, 0, 0, 0, 0, 0]",5,[]
7154,"[521, 315, 73, 98]",1,547,516,0,"[0, 0, 0, 0, 0, 0, 0, 0, 0, 0, 0, 0, 0, 0, 0]",5,[]
8415,"[328, 360, 153, 55]",1,548,516,0,"[0, 0, 0, 0, 0, 0, 0, 0, 0, 0, 0, 0, 0, 0, 0]",5,[]
67276,"[158, 231, 242, 278]",1,549,517,0,"[0, 0, 0, 0, 0, 0, 0, 0, 0, 0, 0, 0, 0, 0, 0]",5,[]
430637,"[199, 0, 863, 499]",1,550,518,0,"[0, 0, 0, 0, 0, 0, 0, 0, 0, 0, 0, 0, 0, 0, 0]",5,[]
805,"[158, 122, 23, 35]",1,551,519,0,"[0, 0, 0, 0, 0, 0, 0, 0, 0, 0, 0, 0, 0, 0, 0]",5,[]
187200,"[7, 65, 390, 480]",1,552,520,0,"[0, 0, 0, 0, 0, 0, 0, 0, 0, 0, 0, 0, 0, 0, 0]",5,[]
127086,"[98, 34, 354, 359]",1,553,521,0,"[0, 0, 0, 0, 0, 0, 0, 0, 0, 0, 0, 0, 0, 0, 0]",5,[]
53075,"[14, 31, 275, 193]",1,554,522,0,"[0, 0, 0, 0, 0, 0, 0, 0, 0, 0, 0, 0, 0, 0, 0]",5,[]
102200,"[22, 81, 280, 365]",1,555,523,0,"[0, 0, 0, 0, 0, 0, 0, 0, 0, 0, 0, 0, 0, 0, 0]",5,[]
20085,"[312, 372, 195, 103]",1,556,524,0,"[0, 0, 0, 0, 0, 0, 0, 0, 0, 0, 0, 0, 0, 0, 0]",5,[]
292468,"[254, 49, 506, 578]",1,557,525,0,"[0, 0, 0, 0, 0, 0, 0, 0, 0, 0, 0, 0, 0, 0, 0]",5,[]
458076,"[127, 21, 647, 708]",1,558,526,0,"[0, 0, 0, 0, 0, 0, 0, 0, 0, 0, 0, 0, 0, 0, 0]",5,[]
192166,"[10, 30, 389, 494]",1,559,527,0,"[0, 0, 0, 0, 0, 0, 0, 0, 0, 0, 0, 0, 0, 0, 0]",5,[]
13965,"[635, 457, 95, 147]",1,560,528,0,"[0, 0, 0, 0, 0, 0, 0, 0, 0, 0, 0, 0, 0, 0, 0]",5,[]
38203,"[364, 451, 253, 151]",1,561,528,0,"[0, 0, 0, 0, 0, 0, 0, 0, 0, 0, 0, 0, 0, 0, 0]",5,[]
121576,"[111, 58, 334, 364]",1,562,529,0,"[0, 0, 0, 0, 0, 0, 0, 0, 0, 0, 0, 0, 0, 0, 0]",5,[]
119460,"[12, 97, 362, 330]",1,563,530,0,"[0, 0, 0, 0, 0, 0, 0, 0, 0, 0, 0, 0, 0, 0, 0]",5,[]
64512,"[25, 72, 224, 288]",1,564,531,0,"[0, 0, 0, 0, 0, 0, 0, 0, 0, 0, 0, 0, 0, 0, 0]",5,[]
17202,"[165, 81, 122, 141]",1,565,532,0,"[0, 0, 0, 0, 0, 0, 0, 0, 0, 0, 0, 0, 0, 0, 0]",5,[]
15554,"[651, 504, 101, 154]",1,566,533,0,"[0, 0, 0, 0, 0, 0, 0, 0, 0, 0, 0, 0, 0, 0, 0]",5,[]
27648,"[405, 514, 192, 144]",1,567,533,0,"[0, 0, 0, 0, 0, 0, 0, 0, 0, 0, 0, 0, 0, 0, 0]",5,[]
56865,"[196, 126, 223, 255]",1,568,534,0,"[0, 0, 0, 0, 0, 0, 0, 0, 0, 0, 0, 0, 0, 0, 0]",5,[]
6305,"[417, 242, 65, 97]",1,569,535,0,"[0, 0, 0, 0, 0, 0, 0, 0, 0, 0, 0, 0, 0, 0, 0]",5,[]
11730,"[255, 266, 138, 85]",1,570,535,0,"[0, 0, 0, 0, 0, 0, 0, 0, 0, 0, 0, 0, 0, 0, 0]",5,[]
186720,"[128, 5, 389, 480]",1,571,536,0,"[0, 0, 0, 0, 0, 0, 0, 0, 0, 0, 0, 0, 0, 0, 0]",5,[]
697950,"[27, 64, 675, 1034]",1,572,537,0,"[0, 0, 0, 0, 0, 0, 0, 0, 0, 0, 0, 0, 0, 0, 0]",5,[]
496296,"[114, 2, 678, 732]",1,573,538,0,"[0, 0, 0, 0, 0, 0, 0, 0, 0, 0, 0, 0, 0, 0, 0]",5,[]
335160,"[59, 215, 456, 735]",1,574,539,0,"[0, 0, 0, 0, 0, 0, 0, 0, 0, 0, 0, 0, 0, 0, 0]",5,[]
273562,"[690, 804, 437, 626]",1,575,540,0,"[0, 0, 0, 0, 0, 0, 0, 0, 0, 0, 0, 0, 0, 0, 0]",5,[]
110400,"[98, 420, 300, 368]",1,576,541,0,"[0, 0, 0, 0, 0, 0, 0, 0, 0, 0, 0, 0, 0, 0, 0]",5,[]
10246,"[165, 207, 94, 109]",1,577,542,0,"[0, 0, 0, 0, 0, 0, 0, 0, 0, 0, 0, 0, 0, 0, 0]",5,[]
360855,"[2565, 1412, 495, 729]",1,578,543,0,"[0, 0, 0, 0, 0, 0, 0, 0, 0, 0, 0, 0, 0, 0, 0]",5,[]
18733,"[63, 381, 131, 143]",1,579,544,0,"[0, 0, 0, 0, 0, 0, 0, 0, 0, 0, 0, 0, 0, 0, 0]",5,[]
30814,"[330, 404, 217, 142]",1,580,544,0,"[0, 0, 0, 0, 0, 0, 0, 0, 0, 0, 0, 0, 0, 0, 0]",5,[]
888,"[168, 160, 24, 37]",1,581,545,0,"[0, 0, 0, 0, 0, 0, 0, 0, 0, 0, 0, 0, 0, 0, 0]",5,[]
158460,"[154, 84, 417, 380]",1,582,546,0,"[0, 0, 0, 0, 0, 0, 0, 0, 0, 0, 0, 0, 0, 0, 0]",5,[]
2929134,"[3153, 3896, 2397, 1222]",1,583,547,0,"[0, 0, 0, 0, 0, 0, 0, 0, 0, 0, 0, 0, 0, 0, 0]",5,[]
13248,"[707, 436, 92, 144]",1,584,548,0,"[0, 0, 0, 0, 0, 0, 0, 0, 0, 0, 0, 0, 0, 0, 0]",5,[]
31964,"[394, 461, 262, 122]",1,585,548,0,"[0, 0, 0, 0, 0, 0, 0, 0, 0, 0, 0, 0, 0, 0, 0]",5,[]
1053,"[169, 102, 27, 39]",1,586,549,0,"[0, 0, 0, 0, 0, 0, 0, 0, 0, 0, 0, 0, 0, 0, 0]",5,[]
1457,"[111, 111, 47, 31]",1,587,549,0,"[0, 0, 0, 0, 0, 0, 0, 0, 0, 0, 0, 0, 0, 0, 0]",5,[]
589632,"[41, 68, 664, 888]",1,588,550,0,"[0, 0, 0, 0, 0, 0, 0, 0, 0, 0, 0, 0, 0, 0, 0]",5,[]
79580,"[417, 660, 230, 346]",1,589,551,0,"[0, 0, 0, 0, 0, 0, 0, 0, 0, 0, 0, 0, 0, 0, 0]",5,[]
84078,"[264, 231, 243, 346]",1,590,552,0,"[0, 0, 0, 0, 0, 0, 0, 0, 0, 0, 0, 0, 0, 0, 0]",5,[]
5760,"[477, 275, 64, 90]",1,591,553,0,"[0, 0, 0, 0, 0, 0, 0, 0, 0, 0, 0, 0, 0, 0, 0]",5,[]
16956,"[294, 267, 157, 108]",1,592,553,0,"[0, 0, 0, 0, 0, 0, 0, 0, 0, 0, 0, 0, 0, 0, 0]",5,[]
133176,"[256, 27, 358, 372]",1,593,554,0,"[0, 0, 0, 0, 0, 0, 0, 0, 0, 0, 0, 0, 0, 0, 0]",5,[]
3978,"[334, 194, 51, 78]",1,594,555,0,"[0, 0, 0, 0, 0, 0, 0, 0, 0, 0, 0, 0, 0, 0, 0]",5,[]
6760,"[199, 210, 104, 65]",1,595,555,0,"[0, 0, 0, 0, 0, 0, 0, 0, 0, 0, 0, 0, 0, 0, 0]",5,[]
150192,"[348, 403, 447, 336]",1,596,556,0,"[0, 0, 0, 0, 0, 0, 0, 0, 0, 0, 0, 0, 0, 0, 0]",5,[]
4394320,"[999, 385, 2242, 1960]",1,597,557,0,"[0, 0, 0, 0, 0, 0, 0, 0, 0, 0, 0, 0, 0, 0, 0]",5,[]
11352,"[644, 423, 88, 129]",1,598,558,0,"[0, 0, 0, 0, 0, 0, 0, 0, 0, 0, 0, 0, 0, 0, 0]",5,[]
26304,"[394, 422, 192, 137]",1,599,558,0,"[0, 0, 0, 0, 0, 0, 0, 0, 0, 0, 0, 0, 0, 0, 0]",5,[]
2451,"[256, 139, 43, 57]",1,600,559,0,"[0, 0, 0, 0, 0, 0, 0, 0, 0, 0, 0, 0, 0, 0, 0]",5,[]
2263,"[163, 165, 73, 31]",1,601,559,0,"[0, 0, 0, 0, 0, 0, 0, 0, 0, 0, 0, 0, 0, 0, 0]",5,[]
31652,"[766, 511, 164, 193]",1,602,560,0,"[0, 0, 0, 0, 0, 0, 0, 0, 0, 0, 0, 0, 0, 0, 0]",5,[]
310625,"[452, 7, 497, 625]",1,603,561,0,"[0, 0, 0, 0, 0, 0, 0, 0, 0, 0, 0, 0, 0, 0, 0]",5,[]
8906,"[517, 295, 73, 122]",1,604,562,0,"[0, 0, 0, 0, 0, 0, 0, 0, 0, 0, 0, 0, 0, 0, 0]",5,[]
4290,"[444, 329, 55, 78]",1,605,563,0,"[0, 0, 0, 0, 0, 0, 0, 0, 0, 0, 0, 0, 0, 0, 0]",5,[]
52138,"[17, 0, 262, 199]",1,606,564,0,"[0, 0, 0, 0, 0, 0, 0, 0, 0, 0, 0, 0, 0, 0, 0]",5,[]
8160,"[327, 205, 68, 120]",1,607,565,0,"[0, 0, 0, 0, 0, 0, 0, 0, 0, 0, 0, 0, 0, 0, 0]",5,[]
14550,"[234, 278, 97, 150]",1,608,566,0,"[0, 0, 0, 0, 0, 0, 0, 0, 0, 0, 0, 0, 0, 0, 0]",5,[]
8700,"[653, 432, 75, 116]",1,609,567,0,"[0, 0, 0, 0, 0, 0, 0, 0, 0, 0, 0, 0, 0, 0, 0]",5,[]
99792,"[1781, 1063, 264, 378]",1,610,568,0,"[0, 0, 0, 0, 0, 0, 0, 0, 0, 0, 0, 0, 0, 0, 0]",5,[]
48872,"[1547, 1121, 164, 298]",1,611,568,0,"[0, 0, 0, 0, 0, 0, 0, 0, 0, 0, 0, 0, 0, 0, 0]",5,[]
241600,"[712, 785, 400, 604]",1,612,569,0,"[0, 0, 0, 0, 0, 0, 0, 0, 0, 0, 0, 0, 0, 0, 0]",5,[]
64874,"[369, 417, 199, 326]",1,613,570,0,"[0, 0, 0, 0, 0, 0, 0, 0, 0, 0, 0, 0, 0, 0, 0]",5,[]
5096,"[513, 308, 56, 91]",1,614,571,0,"[0, 0, 0, 0, 0, 0, 0, 0, 0, 0, 0, 0, 0, 0, 0]",5,[]
3690,"[420, 313, 45, 82]",1,615,571,0,"[0, 0, 0, 0, 0, 0, 0, 0, 0, 0, 0, 0, 0, 0, 0]",5,[]
122430,"[414, 281, 318, 385]",1,616,572,0,"[0, 0, 0, 0, 0, 0, 0, 0, 0, 0, 0, 0, 0, 0, 0]",5,[]
353340,"[72, 31, 453, 780]",1,617,573,0,"[0, 0, 0, 0, 0, 0, 0, 0, 0, 0, 0, 0, 0, 0, 0]",5,[]
17928,"[470, 294, 108, 166]",1,618,574,0,"[0, 0, 0, 0, 0, 0, 0, 0, 0, 0, 0, 0, 0, 0, 0]",5,[]
104751,"[13, 3, 309, 339]",1,619,575,0,"[0, 0, 0, 0, 0, 0, 0, 0, 0, 0, 0, 0, 0, 0, 0]",5,[]
902799,"[87, 51, 783, 1153]",1,620,576,0,"[0, 0, 0, 0, 0, 0, 0, 0, 0, 0, 0, 0, 0, 0, 0]",5,[]
730270,"[90, 103, 709, 1030]",1,621,577,0,"[0, 0, 0, 0, 0, 0, 0, 0, 0, 0, 0, 0, 0, 0, 0]",5,[]
181632,"[112, 166, 384, 473]",1,622,578,0,"[0, 0, 0, 0, 0, 0, 0, 0, 0, 0, 0, 0, 0, 0, 0]",5,[]
3782,"[427, 303, 61, 62]",1,623,579,0,"[0, 0, 0, 0, 0, 0, 0, 0, 0, 0, 0, 0, 0, 0, 0]",5,[]
4816,"[360, 291, 56, 86]",1,624,579,0,"[0, 0, 0, 0, 0, 0, 0, 0, 0, 0, 0, 0, 0, 0, 0]",5,[]
2183,"[76, 65, 37, 59]",1,625,580,0,"[0, 0, 0, 0, 0, 0, 0, 0, 0, 0, 0, 0, 0, 0, 0]",5,[]
2624,"[222, 71, 41, 64]",1,626,580,0,"[0, 0, 0, 0, 0, 0, 0, 0, 0, 0, 0, 0, 0, 0, 0]",5,[]
646,"[553, 90, 19, 34]",1,627,580,0,"[0, 0, 0, 0, 0, 0, 0, 0, 0, 0, 0, 0, 0, 0, 0]",5,[]
338,"[534, 97, 13, 26]",1,628,580,0,"[0, 0, 0, 0, 0, 0, 0, 0, 0, 0, 0, 0, 0, 0, 0]",5,[]
510,"[533, 325, 17, 30]",1,629,580,0,"[0, 0, 0, 0, 0, 0, 0, 0, 0, 0, 0, 0, 0, 0, 0]",5,[]
943,"[553, 317, 23, 41]",1,630,580,0,"[0, 0, 0, 0, 0, 0, 0, 0, 0, 0, 0, 0, 0, 0, 0]",5,[]
2183,"[225, 309, 37, 59]",1,631,580,0,"[0, 0, 0, 0, 0, 0, 0, 0, 0, 0, 0, 0, 0, 0, 0]",5,[]
1760,"[80, 300, 32, 55]",1,632,580,0,"[0, 0, 0, 0, 0, 0, 0, 0, 0, 0, 0, 0, 0, 0, 0]",5,[]
572397,"[57, 100, 679, 843]",1,633,581,0,"[0, 0, 0, 0, 0, 0, 0, 0, 0, 0, 0, 0, 0, 0, 0]",5,[]
3569,"[352, 299, 43, 83]",1,634,582,0,"[0, 0, 0, 0, 0, 0, 0, 0, 0, 0, 0, 0, 0, 0, 0]",5,[]
7236,"[431, 273, 67, 108]",1,635,582,0,"[0, 0, 0, 0, 0, 0, 0, 0, 0, 0, 0, 0, 0, 0, 0]",5,[]
29256,"[77, 0, 138, 212]",1,636,583,0,"[0, 0, 0, 0, 0, 0, 0, 0, 0, 0, 0, 0, 0, 0, 0]",5,[]
33222,"[1109, 701, 147, 226]",1,637,584,0,"[0, 0, 0, 0, 0, 0, 0, 0, 0, 0, 0, 0, 0, 0, 0]",5,[]
8025,"[11, 294, 75, 107]",1,638,585,0,"[0, 0, 0, 0, 0, 0, 0, 0, 0, 0, 0, 0, 0, 0, 0]",5,[]
43384,"[717, 400, 187, 232]",1,639,586,0,"[0, 0, 0, 0, 0, 0, 0, 0, 0, 0, 0, 0, 0, 0, 0]",5,[]
1053,"[172, 123, 27, 39]",1,640,587,0,"[0, 0, 0, 0, 0, 0, 0, 0, 0, 0, 0, 0, 0, 0, 0]",5,[]
2418,"[99, 126, 62, 39]",1,641,587,0,"[0, 0, 0, 0, 0, 0, 0, 0, 0, 0, 0, 0, 0, 0, 0]",5,[]
86086,"[212, 90, 301, 286]",1,642,588,0,"[0, 0, 0, 0, 0, 0, 0, 0, 0, 0, 0, 0, 0, 0, 0]",5,[]
5130,"[430, 274, 57, 90]",1,643,589,0,"[0, 0, 0, 0, 0, 0, 0, 0, 0, 0, 0, 0, 0, 0, 0]",5,[]
12692,"[236, 288, 167, 76]",1,644,589,0,"[0, 0, 0, 0, 0, 0, 0, 0, 0, 0, 0, 0, 0, 0, 0]",5,[]
39321,"[39, 43, 257, 153]",1,645,590,0,"[0, 0, 0, 0, 0, 0, 0, 0, 0, 0, 0, 0, 0, 0, 0]",5,[]
226540,"[770, 44, 470, 482]",1,646,591,0,"[0, 0, 0, 0, 0, 0, 0, 0, 0, 0, 0, 0, 0, 0, 0]",5,[]
10573,"[617, 282, 97, 109]",1,647,591,0,"[0, 0, 0, 0, 0, 0, 0, 0, 0, 0, 0, 0, 0, 0, 0]",5,[]
92834,"[595, 68, 266, 349]",1,648,592,0,"[0, 0, 0, 0, 0, 0, 0, 0, 0, 0, 0, 0, 0, 0, 0]",5,[]
82176,"[315, 114, 256, 321]",1,649,592,0,"[0, 0, 0, 0, 0, 0, 0, 0, 0, 0, 0, 0, 0, 0, 0]",5,[]
50948,"[49, 1, 271, 188]",1,650,593,0,"[0, 0, 0, 0, 0, 0, 0, 0, 0, 0, 0, 0, 0, 0, 0]",5,[]
822900,"[117, 166, 780, 1055]",1,651,594,0,"[0, 0, 0, 0, 0, 0, 0, 0, 0, 0, 0, 0, 0, 0, 0]",5,[]
228780,"[51, 48, 410, 558]",1,652,595,0,"[0, 0, 0, 0, 0, 0, 0, 0, 0, 0, 0, 0, 0, 0, 0]",5,[]
67452,"[371, 435, 231, 292]",1,653,596,0,"[0, 0, 0, 0, 0, 0, 0, 0, 0, 0, 0, 0, 0, 0, 0]",5,[]
78432,"[31, 41, 258, 304]",1,654,597,0,"[0, 0, 0, 0, 0, 0, 0, 0, 0, 0, 0, 0, 0, 0, 0]",5,[]
60900,"[1358, 844, 203, 300]",1,655,598,0,"[0, 0, 0, 0, 0, 0, 0, 0, 0, 0, 0, 0, 0, 0, 0]",5,[]
99716,"[849, 898, 388, 257]",1,656,598,0,"[0, 0, 0, 0, 0, 0, 0, 0, 0, 0, 0, 0, 0, 0, 0]",5,[]
28841,"[378, 296, 151, 191]",1,657,599,0,"[0, 0, 0, 0, 0, 0, 0, 0, 0, 0, 0, 0, 0, 0, 0]",5,[]
3710,"[275, 213, 53, 70]",1,658,600,0,"[0, 0, 0, 0, 0, 0, 0, 0, 0, 0, 0, 0, 0, 0, 0]",5,[]
5184,"[179, 222, 81, 64]",1,659,600,0,"[0, 0, 0, 0, 0, 0, 0, 0, 0, 0, 0, 0, 0, 0, 0]",5,[]
81984,"[17, 38, 244, 336]",1,660,601,0,"[0, 0, 0, 0, 0, 0, 0, 0, 0, 0, 0, 0, 0, 0, 0]",5,[]
58362,"[396, 446, 213, 274]",1,661,602,0,"[0, 0, 0, 0, 0, 0, 0, 0, 0, 0, 0, 0, 0, 0, 0]",5,[]
40572,"[806, 616, 196, 207]",1,662,603,0,"[0, 0, 0, 0, 0, 0, 0, 0, 0, 0, 0, 0, 0, 0, 0]",5,[]
38160,"[94, 82, 180, 212]",1,663,604,0,"[0, 0, 0, 0, 0, 0, 0, 0, 0, 0, 0, 0, 0, 0, 0]",5,[]
204848,"[14, 93, 413, 496]",1,664,605,0,"[0, 0, 0, 0, 0, 0, 0, 0, 0, 0, 0, 0, 0, 0, 0]",5,[]
11644,"[460, 359, 142, 82]",1,665,606,0,"[0, 0, 0, 0, 0, 0, 0, 0, 0, 0, 0, 0, 0, 0, 0]",5,[]
35152,"[35, 414, 208, 169]",1,666,607,0,"[0, 0, 0, 0, 0, 0, 0, 0, 0, 0, 0, 0, 0, 0, 0]",5,[]
244440,"[35, 27, 420, 582]",1,667,608,0,"[0, 0, 0, 0, 0, 0, 0, 0, 0, 0, 0, 0, 0, 0, 0]",5,[]
114816,"[2400, 1758, 276, 416]",1,668,609,0,"[0, 0, 0, 0, 0, 0, 0, 0, 0, 0, 0, 0, 0, 0, 0]",5,[]
343480,"[1756, 1613, 620, 554]",1,669,609,0,"[0, 0, 0, 0, 0, 0, 0, 0, 0, 0, 0, 0, 0, 0, 0]",5,[]
203885,"[0, 11, 337, 605]",1,670,610,0,"[0, 0, 0, 0, 0, 0, 0, 0, 0, 0, 0, 0, 0, 0, 0]",5,[]
351651,"[15, 47, 753, 467]",1,671,611,0,"[0, 0, 0, 0, 0, 0, 0, 0, 0, 0, 0, 0, 0, 0, 0]",5,[]
21760,"[388, 348, 160, 136]",1,672,612,0,"[0, 0, 0, 0, 0, 0, 0, 0, 0, 0, 0, 0, 0, 0, 0]",5,[]
682008,"[2267, 2160, 942, 724]",1,673,613,0,"[0, 0, 0, 0, 0, 0, 0, 0, 0, 0, 0, 0, 0, 0, 0]",5,[]
215715,"[3309, 2327, 365, 591]",1,674,613,0,"[0, 0, 0, 0, 0, 0, 0, 0, 0, 0, 0, 0, 0, 0, 0]",5,[]
26904,"[7, 42, 152, 177]",1,675,614,0,"[0, 0, 0, 0, 0, 0, 0, 0, 0, 0, 0, 0, 0, 0, 0]",5,[]
184877,"[35, 28, 539, 343]",1,676,614,0,"[0, 0, 0, 0, 0, 0, 0, 0, 0, 0, 0, 0, 0, 0, 0]",5,[]
17097,"[122, 147, 139, 123]",1,677,615,0,"[0, 0, 0, 0, 0, 0, 0, 0, 0, 0, 0, 0, 0, 0, 0]",5,[]
8250,"[591, 392, 75, 110]",1,678,616,0,"[0, 0, 0, 0, 0, 0, 0, 0, 0, 0, 0, 0, 0, 0, 0]",5,[]
12665,"[334, 427, 149, 85]",1,679,617,0,"[0, 0, 0, 0, 0, 0, 0, 0, 0, 0, 0, 0, 0, 0, 0]",5,[]
5429,"[502, 423, 61, 89]",1,680,617,0,"[0, 0, 0, 0, 0, 0, 0, 0, 0, 0, 0, 0, 0, 0, 0]",5,[]
480870,"[11, 39, 585, 822]",1,681,618,0,"[0, 0, 0, 0, 0, 0, 0, 0, 0, 0, 0, 0, 0, 0, 0]",5,[]
908720,"[5192, 2995, 740, 1228]",1,682,619,0,"[0, 0, 0, 0, 0, 0, 0, 0, 0, 0, 0, 0, 0, 0, 0]",5,[]
2458240,"[2987, 2880, 1840, 1336]",1,683,619,0,"[0, 0, 0, 0, 0, 0, 0, 0, 0, 0, 0, 0, 0, 0, 0]",5,[]
10380,"[772, 538, 60, 173]",1,684,620,0,"[0, 0, 0, 0, 0, 0, 0, 0, 0, 0, 0, 0, 0, 0, 0]",5,[]
18900,"[906, 528, 108, 175]",1,685,620,0,"[0, 0, 0, 0, 0, 0, 0, 0, 0, 0, 0, 0, 0, 0, 0]",5,[]
663,"[234, 282, 17, 39]",1,686,621,0,"[0, 0, 0, 0, 0, 0, 0, 0, 0, 0, 0, 0, 0, 0, 0]",5,[]
1995,"[279, 264, 35, 57]",1,687,621,0,"[0, 0, 0, 0, 0, 0, 0, 0, 0, 0, 0, 0, 0, 0, 0]",5,[]
113044,"[2338, 1631, 236, 479]",1,688,622,0,"[0, 0, 0, 0, 0, 0, 0, 0, 0, 0, 0, 0, 0, 0, 0]",5,[]
228920,"[2802, 1509, 388, 590]",1,689,622,0,"[0, 0, 0, 0, 0, 0, 0, 0, 0, 0, 0, 0, 0, 0, 0]",5,[]
131555,"[270, 53, 317, 415]",1,690,623,0,"[0, 0, 0, 0, 0, 0, 0, 0, 0, 0, 0, 0, 0, 0, 0]",5,[]
37848,"[340, 413, 152, 249]",1,691,624,0,"[0, 0, 0, 0, 0, 0, 0, 0, 0, 0, 0, 0, 0, 0, 0]",5,[]
37338,"[340, 392, 147, 254]",1,692,625,0,"[0, 0, 0, 0, 0, 0, 0, 0, 0, 0, 0, 0, 0, 0, 0]",5,[]
2166,"[284, 222, 38, 57]",1,693,626,0,"[0, 0, 0, 0, 0, 0, 0, 0, 0, 0, 0, 0, 0, 0, 0]",5,[]
722,"[237, 240, 19, 38]",1,694,626,0,"[0, 0, 0, 0, 0, 0, 0, 0, 0, 0, 0, 0, 0, 0, 0]",5,[]
556920,"[219, 93, 612, 910]",1,695,627,0,"[0, 0, 0, 0, 0, 0, 0, 0, 0, 0, 0, 0, 0, 0, 0]",5,[]
34484,"[59, 45, 148, 233]",1,696,628,0,"[0, 0, 0, 0, 0, 0, 0, 0, 0, 0, 0, 0, 0, 0, 0]",5,[]
2414,"[325, 256, 34, 71]",1,697,629,0,"[0, 0, 0, 0, 0, 0, 0, 0, 0, 0, 0, 0, 0, 0, 0]",5,[]
5537,"[525, 519, 49, 113]",1,698,630,0,"[0, 0, 0, 0, 0, 0, 0, 0, 0, 0, 0, 0, 0, 0, 0]",5,[]
57339,"[370, 104, 207, 277]",1,699,631,0,"[0, 0, 0, 0, 0, 0, 0, 0, 0, 0, 0, 0, 0, 0, 0]",5,[]
8892,"[688, 410, 78, 114]",1,700,632,0,"[0, 0, 0, 0, 0, 0, 0, 0, 0, 0, 0, 0, 0, 0, 0]",5,[]
10707,"[716, 417, 83, 129]",1,701,633,0,"[0, 0, 0, 0, 0, 0, 0, 0, 0, 0, 0, 0, 0, 0, 0]",5,[]
6708,"[604, 417, 52, 129]",1,702,633,0,"[0, 0, 0, 0, 0, 0, 0, 0, 0, 0, 0, 0, 0, 0, 0]",5,[]
52400,"[134, 85, 200, 262]",1,703,634,0,"[0, 0, 0, 0, 0, 0, 0, 0, 0, 0, 0, 0, 0, 0, 0]",5,[]
12512,"[1324, 729, 92, 136]",1,704,635,0,"[0, 0, 0, 0, 0, 0, 0, 0, 0, 0, 0, 0, 0, 0, 0]",5,[]
175230,"[209, 661, 354, 495]",1,705,636,0,"[0, 0, 0, 0, 0, 0, 0, 0, 0, 0, 0, 0, 0, 0, 0]",5,[]
141930,"[700, 663, 285, 498]",1,706,636,0,"[0, 0, 0, 0, 0, 0, 0, 0, 0, 0, 0, 0, 0, 0, 0]",5,[]
171544,"[8, 32, 328, 523]",1,707,636,0,"[0, 0, 0, 0, 0, 0, 0, 0, 0, 0, 0, 0, 0, 0, 0]",5,[]
156114,"[451, 107, 354, 441]",1,708,636,0,"[0, 0, 0, 0, 0, 0, 0, 0, 0, 0, 0, 0, 0, 0, 0]",5,[]
174363,"[899, 86, 361, 483]",1,709,636,0,"[0, 0, 0, 0, 0, 0, 0, 0, 0, 0, 0, 0, 0, 0, 0]",5,[]
309870,"[26, 88, 495, 626]",1,710,637,0,"[0, 0, 0, 0, 0, 0, 0, 0, 0, 0, 0, 0, 0, 0, 0]",5,[]
589,"[234, 194, 19, 31]",1,711,638,0,"[0, 0, 0, 0, 0, 0, 0, 0, 0, 0, 0, 0, 0, 0, 0]",5,[]
33048,"[434, 47, 153, 216]",1,712,639,0,"[0, 0, 0, 0, 0, 0, 0, 0, 0, 0, 0, 0, 0, 0, 0]",5,[]
22750,"[265, 61, 125, 182]",1,713,639,0,"[0, 0, 0, 0, 0, 0, 0, 0, 0, 0, 0, 0, 0, 0, 0]",5,[]
19032,"[41, 113, 122, 156]",1,714,639,0,"[0, 0, 0, 0, 0, 0, 0, 0, 0, 0, 0, 0, 0, 0, 0]",5,[]
50049,"[284, 117, 201, 249]",1,715,640,0,"[0, 0, 0, 0, 0, 0, 0, 0, 0, 0, 0, 0, 0, 0, 0]",5,[]
21546,"[134, 43, 126, 171]",1,716,641,0,"[0, 0, 0, 0, 0, 0, 0, 0, 0, 0, 0, 0, 0, 0, 0]",5,[]
592,"[163, 111, 16, 37]",1,717,642,0,"[0, 0, 0, 0, 0, 0, 0, 0, 0, 0, 0, 0, 0, 0, 0]",5,[]
43360,"[330, 324, 160, 271]",1,718,643,0,"[0, 0, 0, 0, 0, 0, 0, 0, 0, 0, 0, 0, 0, 0, 0]",5,[]
18975,"[73, 51, 115, 165]",1,719,644,0,"[0, 0, 0, 0, 0, 0, 0, 0, 0, 0, 0, 0, 0, 0, 0]",5,[]
21328,"[257, 44, 124, 172]",1,720,644,0,"[0, 0, 0, 0, 0, 0, 0, 0, 0, 0, 0, 0, 0, 0, 0]",5,[]
5805,"[433, 545, 45, 129]",1,721,645,0,"[0, 0, 0, 0, 0, 0, 0, 0, 0, 0, 0, 0, 0, 0, 0]",5,[]
4756,"[425, 253, 58, 82]",1,722,646,0,"[0, 0, 0, 0, 0, 0, 0, 0, 0, 0, 0, 0, 0, 0, 0]",5,[]
1856,"[351, 280, 29, 64]",1,723,646,0,"[0, 0, 0, 0, 0, 0, 0, 0, 0, 0, 0, 0, 0, 0, 0]",5,[]
342510,"[45, 0, 490, 699]",1,724,647,0,"[0, 0, 0, 0, 0, 0, 0, 0, 0, 0, 0, 0, 0, 0, 0]",5,[]
83496,"[536, 442, 213, 392]",1,725,648,0,"[0, 0, 0, 0, 0, 0, 0, 0, 0, 0, 0, 0, 0, 0, 0]",5,[]
95285,"[270, 4, 323, 295]",1,726,649,0,"[0, 0, 0, 0, 0, 0, 0, 0, 0, 0, 0, 0, 0, 0, 0]",5,[]
36162,"[384, 399, 147, 246]",1,727,650,0,"[0, 0, 0, 0, 0, 0, 0, 0, 0, 0, 0, 0, 0, 0, 0]",5,[]
95418,"[121, 104, 279, 342]",1,728,651,0,"[0, 0, 0, 0, 0, 0, 0, 0, 0, 0, 0, 0, 0, 0, 0]",5,[]
246848,"[230, 31, 532, 464]",1,729,652,0,"[0, 0, 0, 0, 0, 0, 0, 0, 0, 0, 0, 0, 0, 0, 0]",5,[]
21432,"[159, 330, 141, 152]",1,730,653,0,"[0, 0, 0, 0, 0, 0, 0, 0, 0, 0, 0, 0, 0, 0, 0]",5,[]
800,"[46, 144, 25, 32]",1,731,654,0,"[0, 0, 0, 0, 0, 0, 0, 0, 0, 0, 0, 0, 0, 0, 0]",5,[]
1998,"[163, 138, 37, 54]",1,732,654,0,"[0, 0, 0, 0, 0, 0, 0, 0, 0, 0, 0, 0, 0, 0, 0]",5,[]
9090,"[116, 116, 101, 90]",1,733,655,0,"[0, 0, 0, 0, 0, 0, 0, 0, 0, 0, 0, 0, 0, 0, 0]",5,[]
149366,"[92, 53, 329, 454]",1,734,656,0,"[0, 0, 0, 0, 0, 0, 0, 0, 0, 0, 0, 0, 0, 0, 0]",5,[]
183480,"[8, 10, 556, 330]",1,735,657,0,"[0, 0, 0, 0, 0, 0, 0, 0, 0, 0, 0, 0, 0, 0, 0]",5,[]
46420,"[265, 372, 211, 220]",1,736,658,0,"[0, 0, 0, 0, 0, 0, 0, 0, 0, 0, 0, 0, 0, 0, 0]",5,[]
22826,"[213, 165, 113, 202]",1,737,659,0,"[0, 0, 0, 0, 0, 0, 0, 0, 0, 0, 0, 0, 0, 0, 0]",5,[]
404192,"[55, 109, 544, 743]",1,738,660,0,"[0, 0, 0, 0, 0, 0, 0, 0, 0, 0, 0, 0, 0, 0, 0]",5,[]
4756,"[334, 204, 58, 82]",1,739,661,0,"[0, 0, 0, 0, 0, 0, 0, 0, 0, 0, 0, 0, 0, 0, 0]",5,[]
4836,"[252, 213, 62, 78]",1,740,661,0,"[0, 0, 0, 0, 0, 0, 0, 0, 0, 0, 0, 0, 0, 0, 0]",5,[]
279736,"[16, 4, 584, 479]",1,741,662,0,"[0, 0, 0, 0, 0, 0, 0, 0, 0, 0, 0, 0, 0, 0, 0]",5,[]
8112,"[68, 62, 104, 78]",1,742,663,0,"[0, 0, 0, 0, 0, 0, 0, 0, 0, 0, 0, 0, 0, 0, 0]",5,[]
101144,"[161, 24, 269, 376]",1,743,664,0,"[0, 0, 0, 0, 0, 0, 0, 0, 0, 0, 0, 0, 0, 0, 0]",5,[]
845994,"[88, 98, 779, 1086]",1,744,665,0,"[0, 0, 0, 0, 0, 0, 0, 0, 0, 0, 0, 0, 0, 0, 0]",5,[]
6916,"[587, 291, 52, 133]",1,745,666,0,"[0, 0, 0, 0, 0, 0, 0, 0, 0, 0, 0, 0, 0, 0, 0]",5,[]
32747,"[326, 285, 229, 143]",1,746,666,0,"[0, 0, 0, 0, 0, 0, 0, 0, 0, 0, 0, 0, 0, 0, 0]",5,[]
11520,"[496, 307, 96, 120]",1,747,667,0,"[0, 0, 0, 0, 0, 0, 0, 0, 0, 0, 0, 0, 0, 0, 0]",5,[]
16218,"[306, 323, 153, 106]",1,748,667,0,"[0, 0, 0, 0, 0, 0, 0, 0, 0, 0, 0, 0, 0, 0, 0]",5,[]
147628,"[66, 0, 334, 442]",1,749,668,0,"[0, 0, 0, 0, 0, 0, 0, 0, 0, 0, 0, 0, 0, 0, 0]",5,[]
53116,"[5, 28, 196, 271]",1,750,669,0,"[0, 0, 0, 0, 0, 0, 0, 0, 0, 0, 0, 0, 0, 0, 0]",5,[]
42952,"[238, 44, 182, 236]",1,751,669,0,"[0, 0, 0, 0, 0, 0, 0, 0, 0, 0, 0, 0, 0, 0, 0]",5,[]
480600,"[971, 1044, 600, 801]",1,752,670,0,"[0, 0, 0, 0, 0, 0, 0, 0, 0, 0, 0, 0, 0, 0, 0]",5,[]
540030,"[2104, 1719, 766, 705]",1,753,671,0,"[0, 0, 0, 0, 0, 0, 0, 0, 0, 0, 0, 0, 0, 0, 0]",5,[]
353269,"[3276, 1654, 463, 763]",1,754,671,0,"[0, 0, 0, 0, 0, 0, 0, 0, 0, 0, 0, 0, 0, 0, 0]",5,[]
143664,"[194, 18, 328, 438]",1,755,672,0,"[0, 0, 0, 0, 0, 0, 0, 0, 0, 0, 0, 0, 0, 0, 0]",5,[]
8502,"[360, 290, 109, 78]",1,756,673,0,"[0, 0, 0, 0, 0, 0, 0, 0, 0, 0, 0, 0, 0, 0, 0]",5,[]
7326,"[523, 273, 74, 99]",1,757,673,0,"[0, 0, 0, 0, 0, 0, 0, 0, 0, 0, 0, 0, 0, 0, 0]",5,[]
753588,"[1303, 1285, 692, 1089]",1,758,674,0,"[0, 0, 0, 0, 0, 0, 0, 0, 0, 0, 0, 0, 0, 0, 0]",5,[]
161616,"[110, 78, 481, 336]",1,759,675,0,"[0, 0, 0, 0, 0, 0, 0, 0, 0, 0, 0, 0, 0, 0, 0]",5,[]
467370,"[2064, 1955, 810, 577]",1,760,676,0,"[0, 0, 0, 0, 0, 0, 0, 0, 0, 0, 0, 0, 0, 0, 0]",5,[]
184600,"[2936, 2012, 355, 520]",1,761,676,0,"[0, 0, 0, 0, 0, 0, 0, 0, 0, 0, 0, 0, 0, 0, 0]",5,[]
458944,"[65, 8, 808, 568]",1,762,677,0,"[0, 0, 0, 0, 0, 0, 0, 0, 0, 0, 0, 0, 0, 0, 0]",5,[]
43425,"[152, 44, 193, 225]",1,763,678,0,"[0, 0, 0, 0, 0, 0, 0, 0, 0, 0, 0, 0, 0, 0, 0]",5,[]
117208,"[87, 101, 299, 392]",1,764,679,0,"[0, 0, 0, 0, 0, 0, 0, 0, 0, 0, 0, 0, 0, 0, 0]",5,[]
12369,"[664, 471, 93, 133]",1,765,680,0,"[0, 0, 0, 0, 0, 0, 0, 0, 0, 0, 0, 0, 0, 0, 0]",5,[]
21912,"[466, 477, 166, 132]",1,766,680,0,"[0, 0, 0, 0, 0, 0, 0, 0, 0, 0, 0, 0, 0, 0, 0]",5,[]
7452,"[167, 162, 69, 108]",1,767,681,0,"[0, 0, 0, 0, 0, 0, 0, 0, 0, 0, 0, 0, 0, 0, 0]",5,[]
157287,"[2513, 1499, 327, 481]",1,768,682,0,"[0, 0, 0, 0, 0, 0, 0, 0, 0, 0, 0, 0, 0, 0, 0]",5,[]
4860,"[729, 332, 54, 90]",1,769,683,0,"[0, 0, 0, 0, 0, 0, 0, 0, 0, 0, 0, 0, 0, 0, 0]",5,[]
22750,"[458, 426, 175, 130]",1,770,683,0,"[0, 0, 0, 0, 0, 0, 0, 0, 0, 0, 0, 0, 0, 0, 0]",5,[]
65637,"[259, 206, 297, 221]",1,771,684,0,"[0, 0, 0, 0, 0, 0, 0, 0, 0, 0, 0, 0, 0, 0, 0]",5,[]
73008,"[330, 2, 216, 338]",1,772,685,0,"[0, 0, 0, 0, 0, 0, 0, 0, 0, 0, 0, 0, 0, 0, 0]",5,[]
231903,"[192, 83, 409, 567]",1,773,686,0,"[0, 0, 0, 0, 0, 0, 0, 0, 0, 0, 0, 0, 0, 0, 0]",5,[]
11430,"[552, 308, 90, 127]",1,774,687,0,"[0, 0, 0, 0, 0, 0, 0, 0, 0, 0, 0, 0, 0, 0, 0]",5,[]
4278,"[458, 341, 46, 93]",1,775,687,0,"[0, 0, 0, 0, 0, 0, 0, 0, 0, 0, 0, 0, 0, 0, 0]",5,[]
28908,"[157, 26, 146, 198]",1,776,688,0,"[0, 0, 0, 0, 0, 0, 0, 0, 0, 0, 0, 0, 0, 0, 0]",5,[]
162890,"[32, 19, 358, 455]",1,777,689,0,"[0, 0, 0, 0, 0, 0, 0, 0, 0, 0, 0, 0, 0, 0, 0]",5,[]
45645,"[1197, 696, 179, 255]",1,778,690,0,"[0, 0, 0, 0, 0, 0, 0, 0, 0, 0, 0, 0, 0, 0, 0]",5,[]
89052,"[789, 701, 362, 246]",1,779,690,0,"[0, 0, 0, 0, 0, 0, 0, 0, 0, 0, 0, 0, 0, 0, 0]",5,[]
50625,"[526, 475, 225, 225]",1,780,691,0,"[0, 0, 0, 0, 0, 0, 0, 0, 0, 0, 0, 0, 0, 0, 0]",5,[]
442430,"[13, 45, 586, 755]",1,781,692,0,"[0, 0, 0, 0, 0, 0, 0, 0, 0, 0, 0, 0, 0, 0, 0]",5,[]
59001,"[147, 87, 213, 277]",1,782,693,0,"[0, 0, 0, 0, 0, 0, 0, 0, 0, 0, 0, 0, 0, 0, 0]",5,[]
21038,"[239, 287, 134, 157]",1,783,694,0,"[0, 0, 0, 0, 0, 0, 0, 0, 0, 0, 0, 0, 0, 0, 0]",5,[]
36000,"[31, 43, 160, 225]",1,784,695,0,"[0, 0, 0, 0, 0, 0, 0, 0, 0, 0, 0, 0, 0, 0, 0]",5,[]
30770,"[460, 327, 181, 170]",1,785,696,0,"[0, 0, 0, 0, 0, 0, 0, 0, 0, 0, 0, 0, 0, 0, 0]",5,[]
8085,"[655, 453, 77, 105]",1,786,697,0,"[0, 0, 0, 0, 0, 0, 0, 0, 0, 0, 0, 0, 0, 0, 0]",5,[]
118944,"[169, 18, 288, 413]",1,787,698,0,"[0, 0, 0, 0, 0, 0, 0, 0, 0, 0, 0, 0, 0, 0, 0]",5,[]
48360,"[28, 49, 195, 248]",1,788,699,0,"[0, 0, 0, 0, 0, 0, 0, 0, 0, 0, 0, 0, 0, 0, 0]",5,[]
187806,"[11, 1, 554, 339]",1,789,700,0,"[0, 0, 0, 0, 0, 0, 0, 0, 0, 0, 0, 0, 0, 0, 0]",5,[]
11316,"[201, 62, 92, 123]",1,790,701,0,"[0, 0, 0, 0, 0, 0, 0, 0, 0, 0, 0, 0, 0, 0, 0]",5,[]
1716,"[241, 179, 33, 52]",1,791,702,0,"[0, 0, 0, 0, 0, 0, 0, 0, 0, 0, 0, 0, 0, 0, 0]",5,[]
592,"[202, 195, 16, 37]",1,792,702,0,"[0, 0, 0, 0, 0, 0, 0, 0, 0, 0, 0, 0, 0, 0, 0]",5,[]
1472,"[189, 188, 32, 46]",1,793,702,0,"[0, 0, 0, 0, 0, 0, 0, 0, 0, 0, 0, 0, 0, 0, 0]",5,[]
2088,"[240, 176, 36, 58]",1,794,702,0,"[0, 0, 0, 0, 0, 0, 0, 0, 0, 0, 0, 0, 0, 0, 0]",5,[]
10266,"[503, 277, 87, 118]",1,795,703,0,"[0, 0, 0, 0, 0, 0, 0, 0, 0, 0, 0, 0, 0, 0, 0]",5,[]
15933,"[341, 286, 141, 113]",1,796,703,0,"[0, 0, 0, 0, 0, 0, 0, 0, 0, 0, 0, 0, 0, 0, 0]",5,[]
28830,"[101, 1, 155, 186]",1,797,704,0,"[0, 0, 0, 0, 0, 0, 0, 0, 0, 0, 0, 0, 0, 0, 0]",5,[]
234900,"[104, 167, 580, 405]",1,798,705,0,"[0, 0, 0, 0, 0, 0, 0, 0, 0, 0, 0, 0, 0, 0, 0]",5,[]
23973,"[291, 386, 131, 183]",1,799,706,0,"[0, 0, 0, 0, 0, 0, 0, 0, 0, 0, 0, 0, 0, 0, 0]",5,[]
385710,"[85, 239, 598, 645]",1,800,707,0,"[0, 0, 0, 0, 0, 0, 0, 0, 0, 0, 0, 0, 0, 0, 0]",5,[]
672,"[256, 207, 24, 28]",1,801,708,0,"[0, 0, 0, 0, 0, 0, 0, 0, 0, 0, 0, 0, 0, 0, 0]",5,[]
1092,"[204, 212, 42, 26]",1,802,708,0,"[0, 0, 0, 0, 0, 0, 0, 0, 0, 0, 0, 0, 0, 0, 0]",5,[]
9944,"[145, 174, 88, 113]",1,803,709,0,"[0, 0, 0, 0, 0, 0, 0, 0, 0, 0, 0, 0, 0, 0, 0]",5,[]
8066,"[450, 248, 74, 109]",1,804,710,0,"[0, 0, 0, 0, 0, 0, 0, 0, 0, 0, 0, 0, 0, 0, 0]",5,[]
14625,"[303, 239, 125, 117]",1,805,710,0,"[0, 0, 0, 0, 0, 0, 0, 0, 0, 0, 0, 0, 0, 0, 0]",5,[]
18369,"[673, 355, 117, 157]",1,806,712,0,"[0, 0, 0, 0, 0, 0, 0, 0, 0, 0, 0, 0, 0, 0, 0]",5,[]
22908,"[473, 376, 166, 138]",1,807,712,0,"[0, 0, 0, 0, 0, 0, 0, 0, 0, 0, 0, 0, 0, 0, 0]",5,[]
372564,"[2870, 1693, 524, 711]",1,808,713,0,"[0, 0, 0, 0, 0, 0, 0, 0, 0, 0, 0, 0, 0, 0, 0]",5,[]
154614,"[82, 114, 353, 438]",1,809,714,0,"[0, 0, 0, 0, 0, 0, 0, 0, 0, 0, 0, 0, 0, 0, 0]",5,[]
7276,"[711, 575, 68, 107]",1,810,715,0,"[0, 0, 0, 0, 0, 0, 0, 0, 0, 0, 0, 0, 0, 0, 0]",5,[]
11468,"[559, 593, 122, 94]",1,811,715,0,"[0, 0, 0, 0, 0, 0, 0, 0, 0, 0, 0, 0, 0, 0, 0]",5,[]
99188,"[4, 17, 274, 362]",1,812,716,0,"[0, 0, 0, 0, 0, 0, 0, 0, 0, 0, 0, 0, 0, 0, 0]",5,[]
325489,"[2628, 1661, 463, 703]",1,813,717,0,"[0, 0, 0, 0, 0, 0, 0, 0, 0, 0, 0, 0, 0, 0, 0]",5,[]
86870,"[560, 460, 238, 365]",1,814,718,0,"[0, 0, 0, 0, 0, 0, 0, 0, 0, 0, 0, 0, 0, 0, 0]",5,[]
2128,"[438, 264, 38, 56]",1,815,719,0,"[0, 0, 0, 0, 0, 0, 0, 0, 0, 0, 0, 0, 0, 0, 0]",5,[]
58092,"[326, 454, 206, 282]",1,816,720,0,"[0, 0, 0, 0, 0, 0, 0, 0, 0, 0, 0, 0, 0, 0, 0]",5,[]
398396,"[61, 156, 548, 727]",1,817,721,0,"[0, 0, 0, 0, 0, 0, 0, 0, 0, 0, 0, 0, 0, 0, 0]",5,[]
41811,"[892, 536, 181, 231]",1,818,722,0,"[0, 0, 0, 0, 0, 0, 0, 0, 0, 0, 0, 0, 0, 0, 0]",5,[]
38306,"[657, 602, 179, 214]",1,819,722,0,"[0, 0, 0, 0, 0, 0, 0, 0, 0, 0, 0, 0, 0, 0, 0]",5,[]
167772,"[232, 202, 341, 492]",1,820,723,0,"[0, 0, 0, 0, 0, 0, 0, 0, 0, 0, 0, 0, 0, 0, 0]",5,[]
10980,"[144, 484, 90, 122]",1,821,724,0,"[0, 0, 0, 0, 0, 0, 0, 0, 0, 0, 0, 0, 0, 0, 0]",5,[]
2596,"[316, 38, 44, 59]",1,822,725,0,"[0, 0, 0, 0, 0, 0, 0, 0, 0, 0, 0, 0, 0, 0, 0]",5,[]
783495,"[33, 85, 757, 1035]",1,823,726,0,"[0, 0, 0, 0, 0, 0, 0, 0, 0, 0, 0, 0, 0, 0, 0]",5,[]
20955,"[215, 310, 127, 165]",1,824,727,0,"[0, 0, 0, 0, 0, 0, 0, 0, 0, 0, 0, 0, 0, 0, 0]",5,[]
114945,"[140, 108, 291, 395]",1,825,728,0,"[0, 0, 0, 0, 0, 0, 0, 0, 0, 0, 0, 0, 0, 0, 0]",5,[]
205088,"[26, 41, 377, 544]",1,826,729,0,"[0, 0, 0, 0, 0, 0, 0, 0, 0, 0, 0, 0, 0, 0, 0]",5,[]
5456,"[434, 287, 62, 88]",1,827,730,0,"[0, 0, 0, 0, 0, 0, 0, 0, 0, 0, 0, 0, 0, 0, 0]",5,[]
7000,"[343, 276, 70, 100]",1,828,730,0,"[0, 0, 0, 0, 0, 0, 0, 0, 0, 0, 0, 0, 0, 0, 0]",5,[]
7980,"[120, 223, 76, 105]",1,829,731,0,"[0, 0, 0, 0, 0, 0, 0, 0, 0, 0, 0, 0, 0, 0, 0]",5,[]
36354,"[135, 46, 166, 219]",1,830,732,0,"[0, 0, 0, 0, 0, 0, 0, 0, 0, 0, 0, 0, 0, 0, 0]",5,[]
135660,"[80, 1, 340, 399]",1,831,733,0,"[0, 0, 0, 0, 0, 0, 0, 0, 0, 0, 0, 0, 0, 0, 0]",5,[]
308250,"[148, 47, 450, 685]",1,832,734,0,"[0, 0, 0, 0, 0, 0, 0, 0, 0, 0, 0, 0, 0, 0, 0]",5,[]
279314,"[73, 276, 497, 562]",1,833,735,0,"[0, 0, 0, 0, 0, 0, 0, 0, 0, 0, 0, 0, 0, 0, 0]",5,[]
10368,"[148, 115, 96, 108]",1,834,736,0,"[0, 0, 0, 0, 0, 0, 0, 0, 0, 0, 0, 0, 0, 0, 0]",5,[]
1740,"[246, 234, 29, 60]",1,835,737,0,"[0, 0, 0, 0, 0, 0, 0, 0, 0, 0, 0, 0, 0, 0, 0]",5,[]
2340,"[299, 228, 36, 65]",1,836,737,0,"[0, 0, 0, 0, 0, 0, 0, 0, 0, 0, 0, 0, 0, 0, 0]",5,[]
33649,"[106, 1, 161, 209]",1,837,738,0,"[0, 0, 0, 0, 0, 0, 0, 0, 0, 0, 0, 0, 0, 0, 0]",5,[]
66218,"[1645, 1075, 226, 293]",1,838,739,0,"[0, 0, 0, 0, 0, 0, 0, 0, 0, 0, 0, 0, 0, 0, 0]",5,[]
142766,"[20, 66, 323, 442]",1,839,740,0,"[0, 0, 0, 0, 0, 0, 0, 0, 0, 0, 0, 0, 0, 0, 0]",5,[]
14976,"[184, 28, 104, 144]",1,840,741,0,"[0, 0, 0, 0, 0, 0, 0, 0, 0, 0, 0, 0, 0, 0, 0]",5,[]
2156,"[758, 416, 44, 49]",1,841,742,0,"[0, 0, 0, 0, 0, 0, 0, 0, 0, 0, 0, 0, 0, 0, 0]",5,[]
900,"[254, 209, 25, 36]",1,842,743,0,"[0, 0, 0, 0, 0, 0, 0, 0, 0, 0, 0, 0, 0, 0, 0]",5,[]
364,"[224, 218, 13, 28]",1,843,743,0,"[0, 0, 0, 0, 0, 0, 0, 0, 0, 0, 0, 0, 0, 0, 0]",5,[]
288082,"[71, 0, 458, 629]",1,844,744,0,"[0, 0, 0, 0, 0, 0, 0, 0, 0, 0, 0, 0, 0, 0, 0]",5,[]
433302,"[75, 19, 562, 771]",1,845,745,0,"[0, 0, 0, 0, 0, 0, 0, 0, 0, 0, 0, 0, 0, 0, 0]",5,[]
25625,"[234, 226, 125, 205]",1,846,746,0,"[0, 0, 0, 0, 0, 0, 0, 0, 0, 0, 0, 0, 0, 0, 0]",5,[]
3332,"[110, 140, 49, 68]",1,847,747,0,"[0, 0, 0, 0, 0, 0, 0, 0, 0, 0, 0, 0, 0, 0, 0]",5,[]
2204,"[254, 235, 38, 58]",1,848,748,0,"[0, 0, 0, 0, 0, 0, 0, 0, 0, 0, 0, 0, 0, 0, 0]",5,[]
1720,"[184, 252, 40, 43]",1,849,748,0,"[0, 0, 0, 0, 0, 0, 0, 0, 0, 0, 0, 0, 0, 0, 0]",5,[]
10742,"[677, 397, 82, 131]",1,850,749,0,"[0, 0, 0, 0, 0, 0, 0, 0, 0, 0, 0, 0, 0, 0, 0]",5,[]
10416,"[537, 404, 84, 124]",1,851,749,0,"[0, 0, 0, 0, 0, 0, 0, 0, 0, 0, 0, 0, 0, 0, 0]",5,[]
2816,"[281, 241, 44, 64]",1,852,750,0,"[0, 0, 0, 0, 0, 0, 0, 0, 0, 0, 0, 0, 0, 0, 0]",5,[]
893,"[236, 257, 19, 47]",1,853,750,0,"[0, 0, 0, 0, 0, 0, 0, 0, 0, 0, 0, 0, 0, 0, 0]",5,[]
24563,"[898, 547, 121, 203]",1,854,751,0,"[0, 0, 0, 0, 0, 0, 0, 0, 0, 0, 0, 0, 0, 0, 0]",5,[]
11376,"[739, 602, 79, 144]",1,855,751,0,"[0, 0, 0, 0, 0, 0, 0, 0, 0, 0, 0, 0, 0, 0, 0]",5,[]
616952,"[37, 111, 644, 958]",1,856,752,0,"[0, 0, 0, 0, 0, 0, 0, 0, 0, 0, 0, 0, 0, 0, 0]",5,[]
390,"[148, 220, 13, 30]",1,857,753,0,"[0, 0, 0, 0, 0, 0, 0, 0, 0, 0, 0, 0, 0, 0, 0]",5,[]
984,"[175, 208, 24, 41]",1,858,753,0,"[0, 0, 0, 0, 0, 0, 0, 0, 0, 0, 0, 0, 0, 0, 0]",5,[]
587717,"[214, 49, 853, 689]",1,859,754,0,"[0, 0, 0, 0, 0, 0, 0, 0, 0, 0, 0, 0, 0, 0, 0]",5,[]
13090,"[245, 254, 110, 119]",1,860,755,0,"[0, 0, 0, 0, 0, 0, 0, 0, 0, 0, 0, 0, 0, 0, 0]",5,[]
39715,"[234, 93, 169, 235]",1,861,756,0,"[0, 0, 0, 0, 0, 0, 0, 0, 0, 0, 0, 0, 0, 0, 0]",5,[]
246885,"[16, 90, 453, 545]",1,862,757,0,"[0, 0, 0, 0, 0, 0, 0, 0, 0, 0, 0, 0, 0, 0, 0]",5,[]
211392,"[35, 9, 367, 576]",1,863,758,0,"[0, 0, 0, 0, 0, 0, 0, 0, 0, 0, 0, 0, 0, 0, 0]",5,[]
19116,"[212, 275, 108, 177]",1,864,759,0,"[0, 0, 0, 0, 0, 0, 0, 0, 0, 0, 0, 0, 0, 0, 0]",5,[]
21484,"[381, 375, 164, 131]",1,865,760,0,"[0, 0, 0, 0, 0, 0, 0, 0, 0, 0, 0, 0, 0, 0, 0]",5,[]
51219,"[233, 10, 189, 271]",1,866,761,0,"[0, 0, 0, 0, 0, 0, 0, 0, 0, 0, 0, 0, 0, 0, 0]",5,[]
269629,"[62, 62, 437, 617]",1,867,762,0,"[0, 0, 0, 0, 0, 0, 0, 0, 0, 0, 0, 0, 0, 0, 0]",5,[]
27115,"[1027, 612, 145, 187]",1,868,763,0,"[0, 0, 0, 0, 0, 0, 0, 0, 0, 0, 0, 0, 0, 0, 0]",5,[]
15470,"[862, 629, 91, 170]",1,869,763,0,"[0, 0, 0, 0, 0, 0, 0, 0, 0, 0, 0, 0, 0, 0, 0]",5,[]
65835,"[370, 56, 209, 315]",1,870,764,0,"[0, 0, 0, 0, 0, 0, 0, 0, 0, 0, 0, 0, 0, 0, 0]",5,[]
7150,"[610, 421, 55, 130]",1,871,765,0,"[0, 0, 0, 0, 0, 0, 0, 0, 0, 0, 0, 0, 0, 0, 0]",5,[]
13837,"[698, 414, 101, 137]",1,872,765,0,"[0, 0, 0, 0, 0, 0, 0, 0, 0, 0, 0, 0, 0, 0, 0]",5,[]
4048,"[402, 284, 46, 88]",1,873,766,0,"[0, 0, 0, 0, 0, 0, 0, 0, 0, 0, 0, 0, 0, 0, 0]",5,[]
248677,"[616, 92, 407, 611]",1,874,767,0,"[0, 0, 0, 0, 0, 0, 0, 0, 0, 0, 0, 0, 0, 0, 0]",5,[]
387720,"[3594, 2194, 540, 718]",1,875,768,0,"[0, 0, 0, 0, 0, 0, 0, 0, 0, 0, 0, 0, 0, 0, 0]",5,[]
197816,"[3013, 2322, 313, 632]",1,876,768,0,"[0, 0, 0, 0, 0, 0, 0, 0, 0, 0, 0, 0, 0, 0, 0]",5,[]
15390,"[860, 644, 90, 171]",1,877,769,0,"[0, 0, 0, 0, 0, 0, 0, 0, 0, 0, 0, 0, 0, 0, 0]",5,[]
1836,"[521, 494, 36, 51]",1,878,770,0,"[0, 0, 0, 0, 0, 0, 0, 0, 0, 0, 0, 0, 0, 0, 0]",5,[]
2944,"[484, 431, 32, 92]",1,879,770,0,"[0, 0, 0, 0, 0, 0, 0, 0, 0, 0, 0, 0, 0, 0, 0]",5,[]
102144,"[271, 15, 266, 384]",1,880,771,0,"[0, 0, 0, 0, 0, 0, 0, 0, 0, 0, 0, 0, 0, 0, 0]",5,[]
15276,"[597, 472, 76, 201]",1,881,772,0,"[0, 0, 0, 0, 0, 0, 0, 0, 0, 0, 0, 0, 0, 0, 0]",5,[]
107912,"[200, 114, 287, 376]",1,882,773,0,"[0, 0, 0, 0, 0, 0, 0, 0, 0, 0, 0, 0, 0, 0, 0]",5,[]
246950,"[65, 94, 449, 550]",1,883,774,0,"[0, 0, 0, 0, 0, 0, 0, 0, 0, 0, 0, 0, 0, 0, 0]",5,[]
105536,"[21, 20, 272, 388]",1,884,775,0,"[0, 0, 0, 0, 0, 0, 0, 0, 0, 0, 0, 0, 0, 0, 0]",5,[]
229600,"[88, 58, 410, 560]",1,885,776,0,"[0, 0, 0, 0, 0, 0, 0, 0, 0, 0, 0, 0, 0, 0, 0]",5,[]
60988,"[100, 1, 193, 316]",1,886,777,0,"[0, 0, 0, 0, 0, 0, 0, 0, 0, 0, 0, 0, 0, 0, 0]",5,[]
109520,"[360, 512, 296, 370]",1,887,778,0,"[0, 0, 0, 0, 0, 0, 0, 0, 0, 0, 0, 0, 0, 0, 0]",5,[]
118158,"[201, 157, 282, 419]",1,888,779,0,"[0, 0, 0, 0, 0, 0, 0, 0, 0, 0, 0, 0, 0, 0, 0]",5,[]
112617,"[147, 25, 291, 387]",1,889,780,0,"[0, 0, 0, 0, 0, 0, 0, 0, 0, 0, 0, 0, 0, 0, 0]",5,[]
233044,"[29, 24, 406, 574]",1,890,781,0,"[0, 0, 0, 0, 0, 0, 0, 0, 0, 0, 0, 0, 0, 0, 0]",5,[]
84870,"[278, 18, 246, 345]",1,891,782,0,"[0, 0, 0, 0, 0, 0, 0, 0, 0, 0, 0, 0, 0, 0, 0]",5,[]
237072,"[2, 0, 528, 449]",1,892,783,0,"[0, 0, 0, 0, 0, 0, 0, 0, 0, 0, 0, 0, 0, 0, 0]",5,[]
14241,"[130, 30, 101, 141]",1,893,784,0,"[0, 0, 0, 0, 0, 0, 0, 0, 0, 0, 0, 0, 0, 0, 0]",5,[]
34983,"[3, 10, 207, 169]",1,894,785,0,"[0, 0, 0, 0, 0, 0, 0, 0, 0, 0, 0, 0, 0, 0, 0]",5,[]
165980,"[45, 0, 430, 386]",1,895,786,0,"[0, 0, 0, 0, 0, 0, 0, 0, 0, 0, 0, 0, 0, 0, 0]",5,[]
90624,"[241, 30, 256, 354]",1,896,787,0,"[0, 0, 0, 0, 0, 0, 0, 0, 0, 0, 0, 0, 0, 0, 0]",5,[]
70760,"[187, 6, 232, 305]",1,897,788,0,"[0, 0, 0, 0, 0, 0, 0, 0, 0, 0, 0, 0, 0, 0, 0]",5,[]
3081,"[336, 228, 39, 79]",1,898,789,0,"[0, 0, 0, 0, 0, 0, 0, 0, 0, 0, 0, 0, 0, 0, 0]",5,[]
31666,"[242, 266, 142, 223]",1,899,790,0,"[0, 0, 0, 0, 0, 0, 0, 0, 0, 0, 0, 0, 0, 0, 0]",5,[]
7526,"[283, 250, 71, 106]",1,900,791,0,"[0, 0, 0, 0, 0, 0, 0, 0, 0, 0, 0, 0, 0, 0, 0]",5,[]
6120,"[22, 0, 90, 68]",1,901,792,0,"[0, 0, 0, 0, 0, 0, 0, 0, 0, 0, 0, 0, 0, 0, 0]",5,[]
21840,"[285, 249, 120, 182]",1,902,793,0,"[0, 0, 0, 0, 0, 0, 0, 0, 0, 0, 0, 0, 0, 0, 0]",5,[]
7725,"[687, 637, 75, 103]",1,903,794,0,"[0, 0, 0, 0, 0, 0, 0, 0, 0, 0, 0, 0, 0, 0, 0]",5,[]
3735,"[599, 663, 45, 83]",1,904,794,0,"[0, 0, 0, 0, 0, 0, 0, 0, 0, 0, 0, 0, 0, 0, 0]",5,[]
2560,"[270, 243, 40, 64]",1,905,795,0,"[0, 0, 0, 0, 0, 0, 0, 0, 0, 0, 0, 0, 0, 0, 0]",5,[]
92736,"[461, 572, 252, 368]",1,906,796,0,"[0, 0, 0, 0, 0, 0, 0, 0, 0, 0, 0, 0, 0, 0, 0]",5,[]
58480,"[44, 27, 215, 272]",1,907,797,0,"[0, 0, 0, 0, 0, 0, 0, 0, 0, 0, 0, 0, 0, 0, 0]",5,[]
79534,"[19, 0, 266, 299]",1,908,798,0,"[0, 0, 0, 0, 0, 0, 0, 0, 0, 0, 0, 0, 0, 0, 0]",5,[]
93480,"[204, 71, 285, 328]",1,909,799,0,"[0, 0, 0, 0, 0, 0, 0, 0, 0, 0, 0, 0, 0, 0, 0]",5,[]
2916,"[220, 227, 54, 54]",1,911,2510,0,"[0, 0, 0, 0, 0, 0, 0, 0, 0, 0, 0, 0, 0, 0, 0]",5,[]
